UserId,ProdId,ProdName,Rating
1,7.21276E+11,Diet-B,-3.119669914
1,6.49872E+11,Diet-F,-3.140393496
1,9.72018E+11,Diet-L,-3.262901783
1,10669636038,Diet-G,-3.200516701
1,3.62191E+11,Diet-R,-3.219943285
1,3.94475E+11,Diet-G,-3.179444075
2,7.21276E+11,Diet-K,-3.118171453
2,6.49872E+11,Diet-M,-3.13900423
2,9.72018E+11,Diet-N,-3.26157546
2,10669636038,Diet-P,-3.199107409
2,3.62191E+11,Diet-P,-3.218640804
2,3.94475E+11,Diet-K,-3.177984715
6,7.21276E+11,Diet-S,-3.118520975
6,6.49872E+11,Diet-M,-3.139359951
6,9.72018E+11,Diet-P,-3.261944771
6,10669636038,Diet-B,-3.199516058
6,3.62191E+11,Diet-J,-3.218995094
6,3.94475E+11,Diet-L,-3.178322792
7,7.21276E+11,Diet-O,-3.118978262
7,6.49872E+11,Diet-Q,-3.139801502
7,9.72018E+11,Diet-C,-3.262363434
7,10669636038,Diet-C,-3.199988842
7,3.62191E+11,Diet-G,-3.219383955
7,3.94475E+11,Diet-D,-3.178797483
8,9.87544E+11,Diet-L,-1.644030571
8,2.42391E+11,Diet-A,-1.58910799
9,7.21276E+11,Diet-O,-3.119200468
9,6.49872E+11,Diet-J,-3.139962912
9,9.72018E+11,Diet-O,-3.262499332
9,10669636038,Diet-F,-3.200160742
9,3.62191E+11,Diet-M,-3.219567299
9,3.94475E+11,Diet-L,-3.179003716
10,7.21276E+11,Diet-H,-3.118694544
10,6.49872E+11,Diet-D,-3.139549255
10,9.72018E+11,Diet-F,-3.262055159
10,10669636038,Diet-I,-3.199657202
10,3.62191E+11,Diet-M,-3.219177008
10,3.94475E+11,Diet-J,-3.178512335
12,9.87544E+11,Diet-C,-1.632554889
12,2.42391E+11,Diet-N,-1.578059316
13,7.21276E+11,Diet-P,-3.118719339
13,6.49872E+11,Diet-L,-3.139522791
13,9.72018E+11,Diet-H,-3.262080193
13,10669636038,Diet-A,-3.199674368
13,3.62191E+11,Diet-P,-3.219106436
13,3.94475E+11,Diet-C,-3.178555489
17,7.21276E+11,Diet-D,-3.118486404
17,6.49872E+11,Diet-P,-3.139287472
17,9.72018E+11,Diet-N,-3.261909723
17,10669636038,Diet-C,-3.199420929
17,3.62191E+11,Diet-C,-3.218960524
17,3.94475E+11,Diet-A,-3.178355455
22,7.21276E+11,Diet-D,-3.119817257
22,6.49872E+11,Diet-S,-3.140568256
22,9.72018E+11,Diet-B,-3.26303339
22,10669636038,Diet-A,-3.200683832
22,3.62191E+11,Diet-L,-3.220088959
22,3.94475E+11,Diet-P,-3.179553747
24,7.21276E+11,Diet-E,-3.119079828
24,6.49872E+11,Diet-C,-3.139852762
24,9.72018E+11,Diet-N,-3.262385845
24,10669636038,Diet-I,-3.199954748
24,3.62191E+11,Diet-B,-3.219477654
24,3.94475E+11,Diet-O,-3.178892612
25,9.87544E+11,Diet-K,-1.64121747
25,2.42391E+11,Diet-D,-1.586416006
26,7.21276E+11,Diet-K,-3.118743658
26,6.49872E+11,Diet-H,-3.13961339
26,9.72018E+11,Diet-C,-3.262132883
26,10669636038,Diet-C,-3.199665546
26,3.62191E+11,Diet-E,-3.219175339
26,3.94475E+11,Diet-G,-3.178591728
29,7.21276E+11,Diet-K,-3.1191113
29,6.49872E+11,Diet-R,-3.139885187
29,9.72018E+11,Diet-F,-3.262482643
29,10669636038,Diet-C,-3.20007515
29,3.62191E+11,Diet-E,-3.21950984
29,3.94475E+11,Diet-C,-3.178950071
30,7.21276E+11,Diet-M,-3.119834661
30,6.49872E+11,Diet-S,-3.140649557
30,9.72018E+11,Diet-E,-3.263098001
30,10669636038,Diet-N,-3.2006917
30,3.62191E+11,Diet-N,-3.220184326
30,3.94475E+11,Diet-O,-3.179634809
31,7.21276E+11,Diet-S,-3.118890285
31,6.49872E+11,Diet-M,-3.139676332
31,9.72018E+11,Diet-O,-3.262279987
31,10669636038,Diet-A,-3.199810982
31,3.62191E+11,Diet-N,-3.219262838
31,3.94475E+11,Diet-I,-3.178719759
37,7.21276E+11,Diet-I,-3.118982315
37,6.49872E+11,Diet-M,-3.139745235
37,9.72018E+11,Diet-I,-3.26224041
37,10669636038,Diet-H,-3.199801207
37,3.62191E+11,Diet-N,-3.219315767
37,3.94475E+11,Diet-G,-3.178768396
38,7.21276E+11,Diet-A,-3.118595839
38,6.49872E+11,Diet-D,-3.139440298
38,9.72018E+11,Diet-Q,-3.262002707
38,10669636038,Diet-A,-3.199569941
38,3.62191E+11,Diet-A,-3.21904397
38,3.94475E+11,Diet-A,-3.178388834
39,9.87544E+11,Diet-Q,-1.645477533
39,2.42391E+11,Diet-A,-1.590516329
40,8.25058E+11,Diet-L,0.138851061
44,9.87544E+11,Diet-I,-1.642955422
44,2.42391E+11,Diet-Q,-1.588127494
46,7.21276E+11,Diet-K,-3.118652344
46,6.49872E+11,Diet-G,-3.139467478
46,9.72018E+11,Diet-A,-3.262055159
46,10669636038,Diet-D,-3.199653625
46,3.62191E+11,Diet-B,-3.219176531
46,3.94475E+11,Diet-L,-3.178516388
47,7.21276E+11,Diet-P,-3.1187675
47,6.49872E+11,Diet-P,-3.139492035
47,9.72018E+11,Diet-D,-3.262031794
47,10669636038,Diet-E,-3.199626446
47,3.62191E+11,Diet-N,-3.219143152
47,3.94475E+11,Diet-G,-3.17855525
49,7.21276E+11,Diet-R,-3.119662762
49,6.49872E+11,Diet-J,-3.140436649
49,9.72018E+11,Diet-K,-3.262891769
49,10669636038,Diet-D,-3.200555563
49,3.62191E+11,Diet-L,-3.219995975
49,3.94475E+11,Diet-R,-3.179457188
51,7.21276E+11,Diet-H,-3.118700981
51,6.49872E+11,Diet-K,-3.139499426
51,9.72018E+11,Diet-O,-3.262093544
51,10669636038,Diet-E,-3.199631214
51,3.62191E+11,Diet-H,-3.219120502
51,3.94475E+11,Diet-J,-3.178524733
55,9.87544E+11,Diet-I,-1.643402219
55,2.42391E+11,Diet-B,-1.588439345
57,9.87544E+11,Diet-D,-1.655863166
57,2.42391E+11,Diet-E,-1.60062027
59,7.21276E+11,Diet-E,-3.119654655
59,6.49872E+11,Diet-E,-3.14037466
59,9.72018E+11,Diet-D,-3.262893438
59,10669636038,Diet-K,-3.200543165
59,3.62191E+11,Diet-I,-3.219954491
59,3.94475E+11,Diet-J,-3.179397583
60,7.21276E+11,Diet-O,-3.118638992
60,6.49872E+11,Diet-H,-3.139407158
60,9.72018E+11,Diet-L,-3.26204133
60,10669636038,Diet-E,-3.19954133
60,3.62191E+11,Diet-I,-3.219029903
60,3.94475E+11,Diet-E,-3.178447008
65,7.21276E+11,Diet-N,-3.119078636
65,6.49872E+11,Diet-O,-3.139903307
65,9.72018E+11,Diet-O,-3.262441397
65,10669636038,Diet-K,-3.199989319
65,3.62191E+11,Diet-A,-3.219461203
65,3.94475E+11,Diet-M,-3.178888798
68,7.21276E+11,Diet-M,-3.119070053
68,6.49872E+11,Diet-O,-3.139880419
68,9.72018E+11,Diet-C,-3.262403727
68,10669636038,Diet-Q,-3.199986935
68,3.62191E+11,Diet-G,-3.219461203
68,3.94475E+11,Diet-H,-3.178890705
72,7.21276E+11,Diet-F,-3.118882656
72,6.49872E+11,Diet-P,-3.139679432
72,9.72018E+11,Diet-K,-3.26227808
72,10669636038,Diet-E,-3.199801922
72,3.62191E+11,Diet-J,-3.219356298
72,3.94475E+11,Diet-L,-3.178649426
74,7.21276E+11,Diet-R,-3.11984849
74,6.49872E+11,Diet-J,-3.140633345
74,9.72018E+11,Diet-F,-3.263135195
74,10669636038,Diet-N,-3.200736284
74,3.62191E+11,Diet-J,-3.220230103
74,3.94475E+11,Diet-K,-3.179676056
77,9.87544E+11,Diet-E,-1.651098132
77,2.42391E+11,Diet-B,-1.59592104
78,9.87544E+11,Diet-O,-1.639553547
78,2.42391E+11,Diet-P,-1.584725976
81,7.21276E+11,Diet-N,-3.119754314
81,6.49872E+11,Diet-S,-3.14051199
81,9.72018E+11,Diet-P,-3.263051748
81,10669636038,Diet-I,-3.200650692
81,3.62191E+11,Diet-F,-3.220061541
81,3.94475E+11,Diet-M,-3.179574251
82,7.21276E+11,Diet-K,-3.120304346
82,6.49872E+11,Diet-M,-3.140980959
82,9.72018E+11,Diet-N,-3.263453245
82,10669636038,Diet-Q,-3.201086521
82,3.62191E+11,Diet-C,-3.220557928
82,3.94475E+11,Diet-B,-3.180016756
90,7.21276E+11,Diet-K,-3.118988514
90,6.49872E+11,Diet-A,-3.139754772
90,9.72018E+11,Diet-I,-3.262298346
90,10669636038,Diet-M,-3.19984889
90,3.62191E+11,Diet-J,-3.219330788
90,3.94475E+11,Diet-G,-3.178739548
93,7.21276E+11,Diet-R,-3.12058568
93,6.49872E+11,Diet-L,-3.141327143
93,9.72018E+11,Diet-N,-3.263739586
93,10669636038,Diet-C,-3.201458216
93,3.62191E+11,Diet-B,-3.220836639
93,3.94475E+11,Diet-H,-3.180357218
99,9.87544E+11,Diet-P,-1.649294496
99,2.42391E+11,Diet-L,-1.594275594
101,7.21276E+11,Diet-G,-3.118746519
101,6.49872E+11,Diet-I,-3.139506817
101,9.72018E+11,Diet-J,-3.262087107
101,10669636038,Diet-M,-3.199657679
101,3.62191E+11,Diet-K,-3.219178677
101,3.94475E+11,Diet-A,-3.178543806
103,7.21276E+11,Diet-B,-3.119079113
103,6.49872E+11,Diet-D,-3.139840603
103,9.72018E+11,Diet-C,-3.262368679
103,10669636038,Diet-F,-3.199968815
103,3.62191E+11,Diet-Q,-3.219464302
103,3.94475E+11,Diet-G,-3.178867817
110,7.21276E+11,Diet-E,-3.118533134
110,6.49872E+11,Diet-I,-3.139308453
110,9.72018E+11,Diet-H,-3.261859179
110,10669636038,Diet-R,-3.199453354
110,3.62191E+11,Diet-B,-3.218947887
110,3.94475E+11,Diet-E,-3.178340912
111,7.21276E+11,Diet-M,-3.118918896
111,6.49872E+11,Diet-O,-3.13970232
111,9.72018E+11,Diet-Q,-3.262249231
111,10669636038,Diet-O,-3.199810266
111,3.62191E+11,Diet-Q,-3.21931076
111,3.94475E+11,Diet-I,-3.178713322
113,9.87544E+11,Diet-N,-1.642157078
113,2.42391E+11,Diet-G,-1.587375402
114,7.21276E+11,Diet-F,-3.11931777
114,6.49872E+11,Diet-S,-3.140129328
114,9.72018E+11,Diet-L,-3.262634039
114,10669636038,Diet-S,-3.200205088
114,3.62191E+11,Diet-G,-3.219721079
114,3.94475E+11,Diet-R,-3.179090977
115,9.87544E+11,Diet-K,-1.642671466
115,2.42391E+11,Diet-J,-1.587818384
116,8.25058E+11,Diet-O,0.138416812
117,7.21276E+11,Diet-B,-3.119494438
117,6.49872E+11,Diet-E,-3.140219927
117,9.72018E+11,Diet-K,-3.262760878
117,10669636038,Diet-J,-3.20035696
117,3.62191E+11,Diet-G,-3.219783306
117,3.94475E+11,Diet-K,-3.179303169
118,7.21276E+11,Diet-N,-3.118989229
118,6.49872E+11,Diet-R,-3.139801264
118,9.72018E+11,Diet-L,-3.262336731
118,10669636038,Diet-O,-3.199903727
118,3.62191E+11,Diet-O,-3.219388723
118,3.94475E+11,Diet-B,-3.178781033
119,9.87544E+11,Diet-G,-1.646551609
119,2.42391E+11,Diet-O,-1.591462374
120,7.21276E+11,Diet-A,-3.119385958
120,6.49872E+11,Diet-D,-3.140099525
120,9.72018E+11,Diet-N,-3.262679577
120,10669636038,Diet-O,-3.200209618
120,3.62191E+11,Diet-B,-3.2197721
120,3.94475E+11,Diet-F,-3.179183245
123,7.21276E+11,Diet-E,-3.119639874
123,6.49872E+11,Diet-D,-3.140399694
123,9.72018E+11,Diet-P,-3.262928724
123,10669636038,Diet-H,-3.200529575
123,3.62191E+11,Diet-N,-3.220006466
123,3.94475E+11,Diet-K,-3.179440975
124,7.21276E+11,Diet-F,-3.119635344
124,6.49872E+11,Diet-Q,-3.140432358
124,9.72018E+11,Diet-D,-3.262913227
124,10669636038,Diet-G,-3.200584173
124,3.62191E+11,Diet-J,-3.220032454
124,3.94475E+11,Diet-C,-3.179453373
125,7.21276E+11,Diet-C,-3.118657827
125,6.49872E+11,Diet-J,-3.139409304
125,9.72018E+11,Diet-E,-3.261998415
125,10669636038,Diet-F,-3.199577808
125,3.62191E+11,Diet-E,-3.219059229
125,3.94475E+11,Diet-N,-3.178458452
126,7.21276E+11,Diet-F,-3.12035203
126,6.49872E+11,Diet-N,-3.141056538
126,9.72018E+11,Diet-B,-3.263482332
126,10669636038,Diet-A,-3.201182127
126,3.62191E+11,Diet-H,-3.220623255
126,3.94475E+11,Diet-A,-3.180095196
128,7.21276E+11,Diet-F,-3.11915946
128,6.49872E+11,Diet-N,-3.139975786
128,9.72018E+11,Diet-F,-3.262539148
128,10669636038,Diet-P,-3.200076818
128,3.62191E+11,Diet-R,-3.219562054
128,3.94475E+11,Diet-B,-3.178965092
135,7.21276E+11,Diet-M,-3.118956804
135,6.49872E+11,Diet-R,-3.139674664
135,9.72018E+11,Diet-A,-3.262218475
135,10669636038,Diet-C,-3.199815512
135,3.62191E+11,Diet-R,-3.219336748
135,3.94475E+11,Diet-K,-3.178741217
138,7.21276E+11,Diet-R,-3.11869812
138,6.49872E+11,Diet-H,-3.139413357
138,9.72018E+11,Diet-A,-3.262026548
138,10669636038,Diet-F,-3.199620247
138,3.62191E+11,Diet-K,-3.219076633
138,3.94475E+11,Diet-L,-3.178483486
139,7.21276E+11,Diet-A,-3.119340658
139,6.49872E+11,Diet-E,-3.140046358
139,9.72018E+11,Diet-A,-3.262553215
139,10669636038,Diet-D,-3.200182915
139,3.62191E+11,Diet-E,-3.219667435
139,3.94475E+11,Diet-J,-3.179116011
140,7.21276E+11,Diet-C,-3.118817568
140,6.49872E+11,Diet-K,-3.139611483
140,9.72018E+11,Diet-N,-3.262180805
140,10669636038,Diet-S,-3.199700832
140,3.62191E+11,Diet-F,-3.219170809
140,3.94475E+11,Diet-C,-3.178603172
141,7.21276E+11,Diet-K,-3.119208336
141,6.49872E+11,Diet-L,-3.13998127
141,9.72018E+11,Diet-O,-3.262512922
141,10669636038,Diet-D,-3.200099945
141,3.62191E+11,Diet-O,-3.219612837
141,3.94475E+11,Diet-J,-3.178996325
145,8.25058E+11,Diet-A,0.138544321
147,9.87544E+11,Diet-B,-1.64056623
147,2.42391E+11,Diet-R,-1.585676551
148,7.21276E+11,Diet-K,-3.118267298
148,6.49872E+11,Diet-H,-3.13909936
148,9.72018E+11,Diet-L,-3.261657715
148,10669636038,Diet-C,-3.199222565
148,3.62191E+11,Diet-E,-3.218693972
148,3.94475E+11,Diet-C,-3.178073168
152,7.21276E+11,Diet-M,-3.119441032
152,6.49872E+11,Diet-Q,-3.140200615
152,9.72018E+11,Diet-A,-3.262702942
152,10669636038,Diet-F,-3.20029521
152,3.62191E+11,Diet-O,-3.219804287
152,3.94475E+11,Diet-B,-3.1792202
155,7.21276E+11,Diet-I,-3.118638515
155,6.49872E+11,Diet-R,-3.139455557
155,9.72018E+11,Diet-C,-3.261965036
155,10669636038,Diet-F,-3.199607134
155,3.62191E+11,Diet-P,-3.21908474
155,3.94475E+11,Diet-O,-3.178440332
157,7.21276E+11,Diet-O,-3.119280815
157,6.49872E+11,Diet-J,-3.140046597
157,9.72018E+11,Diet-N,-3.262586117
157,10669636038,Diet-Q,-3.200226068
157,3.62191E+11,Diet-A,-3.219680548
157,3.94475E+11,Diet-C,-3.179065704
159,7.21276E+11,Diet-P,-3.119970322
159,6.49872E+11,Diet-R,-3.1407547
159,9.72018E+11,Diet-C,-3.263239622
159,10669636038,Diet-F,-3.200863123
159,3.62191E+11,Diet-R,-3.220286846
159,3.94475E+11,Diet-D,-3.179760695
163,7.21276E+11,Diet-S,-3.118954659
163,6.49872E+11,Diet-J,-3.139705896
163,9.72018E+11,Diet-G,-3.262203455
163,10669636038,Diet-B,-3.199798107
163,3.62191E+11,Diet-O,-3.219286919
163,3.94475E+11,Diet-M,-3.178670406
165,9.87544E+11,Diet-L,-1.652535677
165,2.42391E+11,Diet-N,-1.597463369
168,7.21276E+11,Diet-L,-3.119060755
168,6.49872E+11,Diet-O,-3.139896393
168,9.72018E+11,Diet-O,-3.262419224
168,10669636038,Diet-R,-3.199967861
168,3.62191E+11,Diet-A,-3.219413757
168,3.94475E+11,Diet-S,-3.178869724
169,8.25058E+11,Diet-E,0.138520673
171,9.87544E+11,Diet-Q,-1.641759276
171,2.42391E+11,Diet-O,-1.586827874
172,7.21276E+11,Diet-D,-3.120305538
172,6.49872E+11,Diet-L,-3.141055107
172,9.72018E+11,Diet-E,-3.263512611
172,10669636038,Diet-B,-3.201200724
172,3.62191E+11,Diet-J,-3.2205441
172,3.94475E+11,Diet-I,-3.180094242
174,7.21276E+11,Diet-S,-3.118550301
174,6.49872E+11,Diet-E,-3.139338255
174,9.72018E+11,Diet-A,-3.261896133
174,10669636038,Diet-L,-3.199445248
174,3.62191E+11,Diet-D,-3.218905449
174,3.94475E+11,Diet-I,-3.178321838
176,7.21276E+11,Diet-M,-3.119312286
176,6.49872E+11,Diet-E,-3.140083075
176,9.72018E+11,Diet-H,-3.262588739
176,10669636038,Diet-C,-3.200193882
176,3.62191E+11,Diet-M,-3.219675779
176,3.94475E+11,Diet-F,-3.179095507
177,7.21276E+11,Diet-F,-3.119042158
177,6.49872E+11,Diet-M,-3.139861822
177,9.72018E+11,Diet-G,-3.262381077
177,10669636038,Diet-B,-3.199951649
177,3.62191E+11,Diet-M,-3.219423771
177,3.94475E+11,Diet-E,-3.178841352
183,7.21276E+11,Diet-E,-3.118545055
183,6.49872E+11,Diet-P,-3.139359713
183,9.72018E+11,Diet-Q,-3.261906624
183,10669636038,Diet-B,-3.199458838
183,3.62191E+11,Diet-R,-3.21894455
183,3.94475E+11,Diet-J,-3.178319454
184,9.87544E+11,Diet-H,-1.644180536
184,2.42391E+11,Diet-L,-1.589305997
189,7.21276E+11,Diet-M,-3.11896348
189,6.49872E+11,Diet-Q,-3.139753819
189,9.72018E+11,Diet-A,-3.262312651
189,10669636038,Diet-O,-3.199816942
189,3.62191E+11,Diet-L,-3.219378233
189,3.94475E+11,Diet-H,-3.178775072
192,7.21276E+11,Diet-D,-3.119214773
192,6.49872E+11,Diet-Q,-3.139991283
192,9.72018E+11,Diet-E,-3.262561083
192,10669636038,Diet-C,-3.200138569
192,3.62191E+11,Diet-O,-3.219589472
192,3.94475E+11,Diet-R,-3.179003
194,7.21276E+11,Diet-H,-3.120248318
194,6.49872E+11,Diet-Q,-3.140963078
194,9.72018E+11,Diet-O,-3.263417244
194,10669636038,Diet-N,-3.201083899
194,3.62191E+11,Diet-N,-3.220517397
194,3.94475E+11,Diet-G,-3.180009127
202,7.21276E+11,Diet-I,-3.118679523
202,6.49872E+11,Diet-C,-3.139409304
202,9.72018E+11,Diet-S,-3.262047052
202,10669636038,Diet-E,-3.199591637
202,3.62191E+11,Diet-H,-3.219076633
202,3.94475E+11,Diet-S,-3.17847681
203,7.21276E+11,Diet-R,-3.119455576
203,6.49872E+11,Diet-M,-3.140203714
203,9.72018E+11,Diet-E,-3.262761831
203,10669636038,Diet-R,-3.200291634
203,3.62191E+11,Diet-P,-3.219820261
203,3.94475E+11,Diet-R,-3.179256916
205,7.21276E+11,Diet-A,-3.119697571
205,6.49872E+11,Diet-O,-3.140530109
205,9.72018E+11,Diet-I,-3.262941599
205,10669636038,Diet-J,-3.200569153
205,3.62191E+11,Diet-P,-3.220067978
205,3.94475E+11,Diet-E,-3.179440975
209,9.87544E+11,Diet-D,-1.655088782
209,2.42391E+11,Diet-M,-1.599819541
211,7.21276E+11,Diet-G,-3.118349552
211,6.49872E+11,Diet-C,-3.139089584
211,9.72018E+11,Diet-D,-3.261765957
211,10669636038,Diet-N,-3.199227571
211,3.62191E+11,Diet-R,-3.218730688
211,3.94475E+11,Diet-P,-3.178122282
217,7.21276E+11,Diet-R,-3.118857622
217,6.49872E+11,Diet-N,-3.139634848
217,9.72018E+11,Diet-P,-3.262193918
217,10669636038,Diet-A,-3.199739933
217,3.62191E+11,Diet-Q,-3.219232082
217,3.94475E+11,Diet-F,-3.17869091
222,7.21276E+11,Diet-J,-3.119633675
222,6.49872E+11,Diet-M,-3.140397549
222,9.72018E+11,Diet-N,-3.26293993
222,10669636038,Diet-C,-3.200538874
222,3.62191E+11,Diet-A,-3.220023155
222,3.94475E+11,Diet-C,-3.179419041
225,9.87544E+11,Diet-F,-1.644639969
225,2.42391E+11,Diet-P,-1.589651227
231,7.21276E+11,Diet-Q,-3.118354559
231,6.49872E+11,Diet-E,-3.139139175
231,9.72018E+11,Diet-Q,-3.261754751
231,10669636038,Diet-H,-3.199292421
231,3.62191E+11,Diet-C,-3.21882081
231,3.94475E+11,Diet-A,-3.178191662
232,7.21276E+11,Diet-A,-3.11969018
232,6.49872E+11,Diet-I,-3.140455961
232,9.72018E+11,Diet-L,-3.262976646
232,10669636038,Diet-L,-3.200525999
232,3.62191E+11,Diet-Q,-3.220047235
232,3.94475E+11,Diet-P,-3.179529428
235,9.87544E+11,Diet-F,-1.642809033
235,2.42391E+11,Diet-H,-1.587957621
239,7.21276E+11,Diet-G,-3.118738413
239,6.49872E+11,Diet-B,-3.139504194
239,9.72018E+11,Diet-Q,-3.262090206
239,10669636038,Diet-C,-3.199645758
239,3.62191E+11,Diet-M,-3.21916461
239,3.94475E+11,Diet-B,-3.178542137
240,7.21276E+11,Diet-Q,-3.118710041
240,6.49872E+11,Diet-D,-3.139531136
240,9.72018E+11,Diet-N,-3.26204896
240,10669636038,Diet-R,-3.199597359
240,3.62191E+11,Diet-H,-3.219101429
240,3.94475E+11,Diet-N,-3.178544283
245,7.21276E+11,Diet-H,-3.11884141
245,6.49872E+11,Diet-G,-3.139637232
245,9.72018E+11,Diet-M,-3.262199879
245,10669636038,Diet-R,-3.19978857
245,3.62191E+11,Diet-K,-3.219296694
245,3.94475E+11,Diet-P,-3.178651333
248,7.21276E+11,Diet-J,-3.119095802
248,6.49872E+11,Diet-B,-3.139949322
248,9.72018E+11,Diet-H,-3.262387514
248,10669636038,Diet-S,-3.200046301
248,3.62191E+11,Diet-Q,-3.219503641
248,3.94475E+11,Diet-F,-3.178895235
252,9.87544E+11,Diet-E,-1.642870665
252,2.42391E+11,Diet-Q,-1.588003397
255,7.21276E+11,Diet-P,-3.119273901
255,6.49872E+11,Diet-L,-3.140081644
255,9.72018E+11,Diet-Q,-3.262640953
255,10669636038,Diet-J,-3.200216055
255,3.62191E+11,Diet-O,-3.219666958
255,3.94475E+11,Diet-M,-3.179131031
256,7.21276E+11,Diet-H,-3.118610144
256,6.49872E+11,Diet-J,-3.139336824
256,9.72018E+11,Diet-C,-3.261952162
256,10669636038,Diet-M,-3.19952774
256,3.62191E+11,Diet-M,-3.219003677
256,3.94475E+11,Diet-M,-3.178395748
257,9.87544E+11,Diet-R,-1.636858463
257,2.42391E+11,Diet-I,-1.582264662
258,7.21276E+11,Diet-R,-3.117734909
258,6.49872E+11,Diet-J,-3.138551235
258,9.72018E+11,Diet-R,-3.261210203
258,10669636038,Diet-J,-3.198691368
258,3.62191E+11,Diet-L,-3.218188047
258,3.94475E+11,Diet-J,-3.177568913
260,7.21276E+11,Diet-J,-3.119154692
260,6.49872E+11,Diet-M,-3.139904261
260,9.72018E+11,Diet-P,-3.262493372
260,10669636038,Diet-L,-3.200028896
260,3.62191E+11,Diet-P,-3.219590425
260,3.94475E+11,Diet-E,-3.178891659
261,7.21276E+11,Diet-E,-3.119185448
261,6.49872E+11,Diet-E,-3.139958858
261,9.72018E+11,Diet-B,-3.26248312
261,10669636038,Diet-P,-3.200091362
261,3.62191E+11,Diet-D,-3.219535828
261,3.94475E+11,Diet-R,-3.17897892
262,7.21276E+11,Diet-R,-3.119533539
262,6.49872E+11,Diet-P,-3.140254736
262,9.72018E+11,Diet-J,-3.262839079
262,10669636038,Diet-G,-3.200369835
262,3.62191E+11,Diet-N,-3.219901085
262,3.94475E+11,Diet-C,-3.179276228
264,7.21276E+11,Diet-G,-3.118708372
264,6.49872E+11,Diet-S,-3.139476299
264,9.72018E+11,Diet-Q,-3.262043715
264,10669636038,Diet-J,-3.19964695
264,3.62191E+11,Diet-I,-3.219104767
264,3.94475E+11,Diet-D,-3.178487539
270,7.21276E+11,Diet-A,-3.118298769
270,6.49872E+11,Diet-R,-3.139145374
270,9.72018E+11,Diet-S,-3.261737108
270,10669636038,Diet-I,-3.199215889
270,3.62191E+11,Diet-B,-3.218776703
270,3.94475E+11,Diet-G,-3.178130865
271,7.21276E+11,Diet-J,-3.118963003
271,6.49872E+11,Diet-C,-3.139766455
271,9.72018E+11,Diet-O,-3.262350082
271,10669636038,Diet-R,-3.199884415
271,3.62191E+11,Diet-P,-3.219390631
271,3.94475E+11,Diet-D,-3.178798676
273,7.21276E+11,Diet-R,-3.119746685
273,6.49872E+11,Diet-Q,-3.140463591
273,9.72018E+11,Diet-O,-3.263022661
273,10669636038,Diet-S,-3.200626373
273,3.62191E+11,Diet-S,-3.220103264
273,3.94475E+11,Diet-S,-3.179508924
274,7.21276E+11,Diet-J,-3.118766546
274,6.49872E+11,Diet-J,-3.13951087
274,9.72018E+11,Diet-B,-3.262143612
274,10669636038,Diet-L,-3.199670792
274,3.62191E+11,Diet-J,-3.219168663
274,3.94475E+11,Diet-M,-3.1785779
278,7.21276E+11,Diet-N,-3.118457317
278,6.49872E+11,Diet-L,-3.139206886
278,9.72018E+11,Diet-H,-3.261810541
278,10669636038,Diet-L,-3.199333191
278,3.62191E+11,Diet-G,-3.218807459
278,3.94475E+11,Diet-L,-3.178231239
280,9.87544E+11,Diet-I,-1.642923236
280,2.42391E+11,Diet-O,-1.588226318
282,7.21276E+11,Diet-K,-3.119624376
282,6.49872E+11,Diet-D,-3.140373707
282,9.72018E+11,Diet-C,-3.262869596
282,10669636038,Diet-H,-3.200469017
282,3.62191E+11,Diet-O,-3.219964743
282,3.94475E+11,Diet-J,-3.179413795
283,7.21276E+11,Diet-K,-3.120040655
283,6.49872E+11,Diet-A,-3.140750885
283,9.72018E+11,Diet-N,-3.263222933
283,10669636038,Diet-I,-3.200909376
283,3.62191E+11,Diet-I,-3.22034359
283,3.94475E+11,Diet-O,-3.179812193
285,7.21276E+11,Diet-Q,-3.119456053
285,6.49872E+11,Diet-Q,-3.14017272
285,9.72018E+11,Diet-R,-3.262706757
285,10669636038,Diet-S,-3.200253725
285,3.62191E+11,Diet-P,-3.219800472
285,3.94475E+11,Diet-F,-3.179250479
291,7.21276E+11,Diet-H,-3.119493246
291,6.49872E+11,Diet-J,-3.140215874
291,9.72018E+11,Diet-B,-3.262738228
291,10669636038,Diet-K,-3.200347662
291,3.62191E+11,Diet-Q,-3.219795465
291,3.94475E+11,Diet-R,-3.179247379
293,7.21276E+11,Diet-S,-3.11839056
293,6.49872E+11,Diet-E,-3.139233112
293,9.72018E+11,Diet-A,-3.261809111
293,10669636038,Diet-K,-3.199341536
293,3.62191E+11,Diet-I,-3.218846798
293,3.94475E+11,Diet-P,-3.178231955
295,7.21276E+11,Diet-R,-3.119764566
295,6.49872E+11,Diet-S,-3.140552044
295,9.72018E+11,Diet-F,-3.263009071
295,10669636038,Diet-C,-3.200657845
295,3.62191E+11,Diet-H,-3.220110893
295,3.94475E+11,Diet-I,-3.179535151
296,7.21276E+11,Diet-O,-3.118713617
296,6.49872E+11,Diet-I,-3.139492989
296,9.72018E+11,Diet-B,-3.262024164
296,10669636038,Diet-L,-3.199594021
296,3.62191E+11,Diet-N,-3.219106436
296,3.94475E+11,Diet-A,-3.178497553
300,7.21276E+11,Diet-Q,-3.119261503
300,6.49872E+11,Diet-R,-3.140046835
300,9.72018E+11,Diet-K,-3.26255393
300,10669636038,Diet-B,-3.200151205
300,3.62191E+11,Diet-K,-3.219656944
300,3.94475E+11,Diet-D,-3.1790452
302,8.25058E+11,Diet-A,0.138454959
303,7.21276E+11,Diet-H,-3.120372772
303,6.49872E+11,Diet-G,-3.141122818
303,9.72018E+11,Diet-C,-3.263571501
303,10669636038,Diet-K,-3.201222181
303,3.62191E+11,Diet-E,-3.220683336
303,3.94475E+11,Diet-P,-3.180184364
305,7.21276E+11,Diet-H,-3.118882656
305,6.49872E+11,Diet-S,-3.139683723
305,9.72018E+11,Diet-P,-3.262255192
305,10669636038,Diet-G,-3.199822426
305,3.62191E+11,Diet-L,-3.21931839
305,3.94475E+11,Diet-K,-3.1787498
310,7.21276E+11,Diet-A,-3.118796825
310,6.49872E+11,Diet-F,-3.139559269
310,9.72018E+11,Diet-M,-3.262201548
310,10669636038,Diet-O,-3.199714661
310,3.62191E+11,Diet-A,-3.219214439
310,3.94475E+11,Diet-J,-3.178602219
311,7.21276E+11,Diet-J,-3.118717194
311,6.49872E+11,Diet-E,-3.139515638
311,9.72018E+11,Diet-I,-3.262011051
311,10669636038,Diet-F,-3.19961071
311,3.62191E+11,Diet-A,-3.219079494
311,3.94475E+11,Diet-D,-3.178525209
314,7.21276E+11,Diet-F,-3.11954999
314,6.49872E+11,Diet-O,-3.1403234
314,9.72018E+11,Diet-D,-3.26282835
314,10669636038,Diet-E,-3.200433493
314,3.62191E+11,Diet-E,-3.219899178
314,3.94475E+11,Diet-J,-3.179346561
316,7.21276E+11,Diet-R,-3.11905551
316,6.49872E+11,Diet-F,-3.139866829
316,9.72018E+11,Diet-R,-3.262397528
316,10669636038,Diet-G,-3.199990034
316,3.62191E+11,Diet-B,-3.219452143
316,3.94475E+11,Diet-A,-3.178870201
319,7.21276E+11,Diet-P,-3.119618654
319,6.49872E+11,Diet-A,-3.140382767
319,9.72018E+11,Diet-K,-3.262855053
319,10669636038,Diet-R,-3.200464964
319,3.62191E+11,Diet-I,-3.219955444
319,3.94475E+11,Diet-E,-3.179402351
320,7.21276E+11,Diet-N,-3.119543314
320,6.49872E+11,Diet-M,-3.140372753
320,9.72018E+11,Diet-C,-3.262880325
320,10669636038,Diet-S,-3.200444937
320,3.62191E+11,Diet-P,-3.219890594
320,3.94475E+11,Diet-R,-3.179342508
321,7.21276E+11,Diet-Q,-3.119153023
321,6.49872E+11,Diet-C,-3.13997221
321,9.72018E+11,Diet-D,-3.262447357
321,10669636038,Diet-K,-3.20001626
321,3.62191E+11,Diet-N,-3.219507217
321,3.94475E+11,Diet-L,-3.178924322
325,7.21276E+11,Diet-F,-3.119846821
325,6.49872E+11,Diet-Q,-3.140637398
325,9.72018E+11,Diet-F,-3.263092518
325,10669636038,Diet-I,-3.200702429
325,3.62191E+11,Diet-A,-3.220175982
325,3.94475E+11,Diet-R,-3.179610491
326,7.21276E+11,Diet-M,-3.118299246
326,6.49872E+11,Diet-S,-3.139080763
326,9.72018E+11,Diet-C,-3.261719704
326,10669636038,Diet-J,-3.19923377
326,3.62191E+11,Diet-M,-3.218714237
326,3.94475E+11,Diet-J,-3.178073883
327,9.87544E+11,Diet-O,-1.644914985
327,2.42391E+11,Diet-B,-1.589972258
328,7.21276E+11,Diet-H,-3.119578362
328,6.49872E+11,Diet-A,-3.140309095
328,9.72018E+11,Diet-N,-3.262897015
328,10669636038,Diet-F,-3.200468302
328,3.62191E+11,Diet-C,-3.21995306
328,3.94475E+11,Diet-S,-3.179390669
329,7.21276E+11,Diet-R,-3.119357109
329,6.49872E+11,Diet-H,-3.140194654
329,9.72018E+11,Diet-B,-3.262748241
329,10669636038,Diet-N,-3.200292349
329,3.62191E+11,Diet-B,-3.219754219
329,3.94475E+11,Diet-C,-3.179190636
333,7.21276E+11,Diet-A,-3.119040489
333,6.49872E+11,Diet-A,-3.139815331
333,9.72018E+11,Diet-J,-3.262393951
333,10669636038,Diet-R,-3.19998765
333,3.62191E+11,Diet-I,-3.219440222
333,3.94475E+11,Diet-O,-3.178834915
335,7.21276E+11,Diet-S,-3.119873524
335,6.49872E+11,Diet-Q,-3.140674829
335,9.72018E+11,Diet-R,-3.263108015
335,10669636038,Diet-P,-3.200746059
335,3.62191E+11,Diet-G,-3.220234871
335,3.94475E+11,Diet-E,-3.179656029
337,7.21276E+11,Diet-M,-3.119766474
337,6.49872E+11,Diet-Q,-3.140547514
337,9.72018E+11,Diet-I,-3.263023138
337,10669636038,Diet-S,-3.200659037
337,3.62191E+11,Diet-D,-3.220148087
337,3.94475E+11,Diet-F,-3.179552555
338,9.87544E+11,Diet-N,-1.643625498
338,2.42391E+11,Diet-N,-1.588696718
339,7.21276E+11,Diet-L,-3.119170666
339,6.49872E+11,Diet-R,-3.139974833
339,9.72018E+11,Diet-H,-3.262523651
339,10669636038,Diet-H,-3.200079679
339,3.62191E+11,Diet-L,-3.219644785
339,3.94475E+11,Diet-I,-3.179015398
345,7.21276E+11,Diet-S,-3.118664503
345,6.49872E+11,Diet-O,-3.139505863
345,9.72018E+11,Diet-H,-3.262040854
345,10669636038,Diet-O,-3.199571133
345,3.62191E+11,Diet-O,-3.219106197
345,3.94475E+11,Diet-L,-3.178452492
347,7.21276E+11,Diet-O,-3.118328094
347,6.49872E+11,Diet-A,-3.13906002
347,9.72018E+11,Diet-K,-3.261638641
347,10669636038,Diet-D,-3.199203968
347,3.62191E+11,Diet-A,-3.218744516
347,3.94475E+11,Diet-H,-3.178063154
350,7.21276E+11,Diet-C,-3.119432688
350,6.49872E+11,Diet-B,-3.140232086
350,9.72018E+11,Diet-G,-3.262695074
350,10669636038,Diet-S,-3.200308084
350,3.62191E+11,Diet-D,-3.219794273
350,3.94475E+11,Diet-D,-3.179260969
352,7.21276E+11,Diet-S,-3.119700432
352,6.49872E+11,Diet-M,-3.140492439
352,9.72018E+11,Diet-K,-3.262961626
352,10669636038,Diet-A,-3.200578451
352,3.62191E+11,Diet-G,-3.220036268
352,3.94475E+11,Diet-R,-3.179494143
354,7.21276E+11,Diet-B,-3.119244576
354,6.49872E+11,Diet-J,-3.139979839
354,9.72018E+11,Diet-O,-3.262580156
354,10669636038,Diet-D,-3.200135946
354,3.62191E+11,Diet-B,-3.219652653
354,3.94475E+11,Diet-H,-3.179033041
355,7.21276E+11,Diet-I,-3.119080305
355,6.49872E+11,Diet-G,-3.139843225
355,9.72018E+11,Diet-F,-3.262411118
355,10669636038,Diet-R,-3.20004797
355,3.62191E+11,Diet-C,-3.219433546
355,3.94475E+11,Diet-F,-3.178883314
356,7.21276E+11,Diet-N,-3.119263411
356,6.49872E+11,Diet-B,-3.14000535
356,9.72018E+11,Diet-R,-3.262567282
356,10669636038,Diet-Q,-3.200117588
356,3.62191E+11,Diet-O,-3.219635725
356,3.94475E+11,Diet-O,-3.17903471
357,7.21276E+11,Diet-R,-3.11949563
357,6.49872E+11,Diet-E,-3.140315771
357,9.72018E+11,Diet-L,-3.262846231
357,10669636038,Diet-P,-3.200455427
357,3.62191E+11,Diet-H,-3.219850779
357,3.94475E+11,Diet-Q,-3.179329157
359,7.21276E+11,Diet-S,-3.11907196
359,6.49872E+11,Diet-L,-3.139860868
359,9.72018E+11,Diet-O,-3.26239562
359,10669636038,Diet-F,-3.199945927
359,3.62191E+11,Diet-I,-3.219457865
359,3.94475E+11,Diet-Q,-3.178818703
360,7.21276E+11,Diet-J,-3.118867159
360,6.49872E+11,Diet-K,-3.139594793
360,9.72018E+11,Diet-A,-3.262135506
360,10669636038,Diet-C,-3.199688673
360,3.62191E+11,Diet-R,-3.219197035
360,3.94475E+11,Diet-F,-3.178613901
361,7.21276E+11,Diet-S,-3.11990881
361,6.49872E+11,Diet-O,-3.140725613
361,9.72018E+11,Diet-G,-3.263178349
361,10669636038,Diet-C,-3.200784683
361,3.62191E+11,Diet-K,-3.220220089
361,3.94475E+11,Diet-H,-3.179682493
363,9.87544E+11,Diet-G,-1.65556848
363,2.42391E+11,Diet-E,-1.600372672
364,9.87544E+11,Diet-G,-1.639450192
364,2.42391E+11,Diet-C,-1.584689617
366,7.21276E+11,Diet-M,-3.118894339
366,6.49872E+11,Diet-Q,-3.139719963
366,9.72018E+11,Diet-N,-3.26224041
366,10669636038,Diet-E,-3.199794054
366,3.62191E+11,Diet-H,-3.219327211
366,3.94475E+11,Diet-F,-3.178708792
374,7.21276E+11,Diet-I,-3.119511843
374,6.49872E+11,Diet-N,-3.140263557
374,9.72018E+11,Diet-I,-3.262813807
374,10669636038,Diet-L,-3.200402021
374,3.62191E+11,Diet-O,-3.21982646
374,3.94475E+11,Diet-L,-3.179307222
375,7.21276E+11,Diet-N,-3.118839979
375,6.49872E+11,Diet-H,-3.139679432
375,9.72018E+11,Diet-I,-3.262239456
375,10669636038,Diet-A,-3.199779272
375,3.62191E+11,Diet-E,-3.219301939
375,3.94475E+11,Diet-Q,-3.178719759
381,7.21276E+11,Diet-L,-3.119680882
381,6.49872E+11,Diet-P,-3.140468836
381,9.72018E+11,Diet-S,-3.262920141
381,10669636038,Diet-R,-3.200596094
381,3.62191E+11,Diet-N,-3.22002697
381,3.94475E+11,Diet-N,-3.179505825
382,9.87544E+11,Diet-M,-1.645068407
382,2.42391E+11,Diet-K,-1.590056419
383,7.21276E+11,Diet-F,-3.118556023
383,6.49872E+11,Diet-F,-3.139361382
383,9.72018E+11,Diet-G,-3.261999846
383,10669636038,Diet-P,-3.199517012
383,3.62191E+11,Diet-G,-3.21902585
383,3.94475E+11,Diet-N,-3.178375959
384,7.21276E+11,Diet-K,-3.120386362
384,6.49872E+11,Diet-S,-3.141170263
384,9.72018E+11,Diet-H,-3.263565302
384,10669636038,Diet-H,-3.20122242
384,3.62191E+11,Diet-A,-3.220687866
384,3.94475E+11,Diet-F,-3.180175781
392,7.21276E+11,Diet-N,-3.119419575
392,6.49872E+11,Diet-M,-3.140176296
392,9.72018E+11,Diet-F,-3.262699604
392,10669636038,Diet-G,-3.200275898
392,3.62191E+11,Diet-I,-3.219816446
392,3.94475E+11,Diet-L,-3.179210663
393,7.21276E+11,Diet-R,-3.11899662
393,6.49872E+11,Diet-D,-3.139822245
393,9.72018E+11,Diet-K,-3.262341738
393,10669636038,Diet-B,-3.199952602
393,3.62191E+11,Diet-B,-3.219420195
393,3.94475E+11,Diet-A,-3.178865671
394,7.21276E+11,Diet-H,-3.119564772
394,6.49872E+11,Diet-D,-3.140260696
394,9.72018E+11,Diet-M,-3.26279211
394,10669636038,Diet-O,-3.200433969
394,3.62191E+11,Diet-P,-3.219868898
394,3.94475E+11,Diet-B,-3.179290295
397,7.21276E+11,Diet-N,-3.119390726
397,6.49872E+11,Diet-D,-3.14013648
397,9.72018E+11,Diet-G,-3.262667179
397,10669636038,Diet-P,-3.200252056
397,3.62191E+11,Diet-P,-3.219723225
397,3.94475E+11,Diet-K,-3.17914629
402,7.21276E+11,Diet-H,-3.119914293
402,6.49872E+11,Diet-F,-3.140641928
402,9.72018E+11,Diet-R,-3.263128519
402,10669636038,Diet-Q,-3.200748444
402,3.62191E+11,Diet-R,-3.220166922
402,3.94475E+11,Diet-R,-3.179694414
403,9.87544E+11,Diet-J,-1.643072844
403,2.42391E+11,Diet-M,-1.588122249
405,7.21276E+11,Diet-G,-3.119194984
405,6.49872E+11,Diet-R,-3.139955759
405,9.72018E+11,Diet-N,-3.262519121
405,10669636038,Diet-H,-3.200110674
405,3.62191E+11,Diet-Q,-3.219577789
405,3.94475E+11,Diet-O,-3.179055691
406,7.21276E+11,Diet-N,-3.118612528
406,6.49872E+11,Diet-I,-3.139393568
406,9.72018E+11,Diet-L,-3.262008905
406,10669636038,Diet-H,-3.199531078
406,3.62191E+11,Diet-H,-3.219036102
406,3.94475E+11,Diet-S,-3.178427458
407,7.21276E+11,Diet-Q,-3.119381428
407,6.49872E+11,Diet-P,-3.140152693
407,9.72018E+11,Diet-F,-3.262670279
407,10669636038,Diet-B,-3.200278759
407,3.62191E+11,Diet-A,-3.219725132
407,3.94475E+11,Diet-F,-3.179176569
409,9.87544E+11,Diet-K,-1.634769559
409,2.42391E+11,Diet-S,-1.580159187
414,7.21276E+11,Diet-D,-3.119329453
414,6.49872E+11,Diet-O,-3.140136003
414,9.72018E+11,Diet-H,-3.26260376
414,10669636038,Diet-S,-3.200245857
414,3.62191E+11,Diet-H,-3.219723701
414,3.94475E+11,Diet-A,-3.179076433
415,7.21276E+11,Diet-A,-3.118908405
415,6.49872E+11,Diet-E,-3.139714956
415,9.72018E+11,Diet-G,-3.262261629
415,10669636038,Diet-C,-3.199860811
415,3.62191E+11,Diet-D,-3.219278812
415,3.94475E+11,Diet-Q,-3.178700924
418,7.21276E+11,Diet-O,-3.118627548
418,6.49872E+11,Diet-S,-3.139395714
418,9.72018E+11,Diet-D,-3.262042999
418,10669636038,Diet-Q,-3.199532032
418,3.62191E+11,Diet-H,-3.219012499
418,3.94475E+11,Diet-M,-3.178401947
421,7.21276E+11,Diet-Q,-3.119004726
421,6.49872E+11,Diet-R,-3.13975215
421,9.72018E+11,Diet-C,-3.262375832
421,10669636038,Diet-P,-3.199941158
421,3.62191E+11,Diet-J,-3.219445944
421,3.94475E+11,Diet-J,-3.178854942
423,7.21276E+11,Diet-O,-3.119393587
423,6.49872E+11,Diet-A,-3.140125036
423,9.72018E+11,Diet-R,-3.262653112
423,10669636038,Diet-G,-3.200272322
423,3.62191E+11,Diet-N,-3.21975708
423,3.94475E+11,Diet-C,-3.179198265
432,9.87544E+11,Diet-L,-1.645705938
432,2.42391E+11,Diet-N,-1.59070909
434,7.21276E+11,Diet-O,-3.119550705
434,6.49872E+11,Diet-J,-3.140309334
434,9.72018E+11,Diet-B,-3.262814999
434,10669636038,Diet-J,-3.200440168
434,3.62191E+11,Diet-J,-3.219896793
434,3.94475E+11,Diet-F,-3.179387093
438,7.21276E+11,Diet-S,-3.119418621
438,6.49872E+11,Diet-I,-3.140188932
438,9.72018E+11,Diet-A,-3.262722969
438,10669636038,Diet-I,-3.200283289
438,3.62191E+11,Diet-N,-3.219822407
438,3.94475E+11,Diet-N,-3.179211855
439,7.21276E+11,Diet-M,-3.118801355
439,6.49872E+11,Diet-D,-3.1395998
439,9.72018E+11,Diet-P,-3.262140751
439,10669636038,Diet-B,-3.19970274
439,3.62191E+11,Diet-L,-3.219193935
439,3.94475E+11,Diet-G,-3.178607225
446,7.21276E+11,Diet-Q,-3.119356155
446,6.49872E+11,Diet-M,-3.140154123
446,9.72018E+11,Diet-O,-3.262658596
446,10669636038,Diet-O,-3.200270176
446,3.62191E+11,Diet-E,-3.219693184
446,3.94475E+11,Diet-B,-3.179142714
447,7.21276E+11,Diet-A,-3.119145155
447,6.49872E+11,Diet-L,-3.140015841
447,9.72018E+11,Diet-L,-3.262478113
447,10669636038,Diet-H,-3.200072527
447,3.62191E+11,Diet-B,-3.219584942
447,3.94475E+11,Diet-C,-3.178928137
448,7.21276E+11,Diet-N,-3.119012356
448,6.49872E+11,Diet-M,-3.139838934
448,9.72018E+11,Diet-G,-3.262357235
448,10669636038,Diet-M,-3.199927807
448,3.62191E+11,Diet-G,-3.219403744
448,3.94475E+11,Diet-K,-3.178851128
451,7.21276E+11,Diet-F,-3.119239569
451,6.49872E+11,Diet-O,-3.139999866
451,9.72018E+11,Diet-M,-3.262613297
451,10669636038,Diet-J,-3.200130939
451,3.62191E+11,Diet-M,-3.219639301
451,3.94475E+11,Diet-M,-3.179043531
452,7.21276E+11,Diet-O,-3.119399786
452,6.49872E+11,Diet-J,-3.140208721
452,9.72018E+11,Diet-J,-3.262627125
452,10669636038,Diet-K,-3.20031023
452,3.62191E+11,Diet-F,-3.219742775
452,3.94475E+11,Diet-N,-3.17924571
454,7.21276E+11,Diet-G,-3.119516373
454,6.49872E+11,Diet-M,-3.140256405
454,9.72018E+11,Diet-G,-3.262794018
454,10669636038,Diet-G,-3.200329065
454,3.62191E+11,Diet-P,-3.219853401
454,3.94475E+11,Diet-N,-3.179307222
455,9.87544E+11,Diet-N,-1.64702642
455,2.42391E+11,Diet-Q,-1.59207356
456,7.21276E+11,Diet-I,-3.119087934
456,6.49872E+11,Diet-O,-3.139882088
456,9.72018E+11,Diet-J,-3.262406349
456,10669636038,Diet-N,-3.199967623
456,3.62191E+11,Diet-O,-3.219456434
456,3.94475E+11,Diet-C,-3.178896189
458,7.21276E+11,Diet-H,-3.119190216
458,6.49872E+11,Diet-K,-3.139973402
458,9.72018E+11,Diet-H,-3.262462616
458,10669636038,Diet-F,-3.200116873
458,3.62191E+11,Diet-Q,-3.219539404
458,3.94475E+11,Diet-J,-3.178959131
459,8.25058E+11,Diet-R,0.13815105
460,7.21276E+11,Diet-L,-3.119014263
460,6.49872E+11,Diet-R,-3.139828205
460,9.72018E+11,Diet-N,-3.262377024
460,10669636038,Diet-Q,-3.199888468
460,3.62191E+11,Diet-F,-3.219399214
460,3.94475E+11,Diet-O,-3.178852081
464,7.21276E+11,Diet-S,-3.119662523
464,6.49872E+11,Diet-M,-3.140400648
464,9.72018E+11,Diet-C,-3.262885809
464,10669636038,Diet-I,-3.200562716
464,3.62191E+11,Diet-H,-3.220012426
464,3.94475E+11,Diet-F,-3.179418325
467,7.21276E+11,Diet-E,-3.119905233
467,6.49872E+11,Diet-K,-3.140668154
467,9.72018E+11,Diet-N,-3.263194799
467,10669636038,Diet-R,-3.200755835
467,3.62191E+11,Diet-O,-3.220229387
467,3.94475E+11,Diet-B,-3.17968154
470,7.21276E+11,Diet-H,-3.119487047
470,6.49872E+11,Diet-L,-3.140327215
470,9.72018E+11,Diet-C,-3.262822151
470,10669636038,Diet-D,-3.200409889
470,3.62191E+11,Diet-H,-3.219897509
470,3.94475E+11,Diet-K,-3.179300785
473,7.21276E+11,Diet-M,-3.119278908
473,6.49872E+11,Diet-C,-3.140050411
473,9.72018E+11,Diet-G,-3.262626648
473,10669636038,Diet-M,-3.200184822
473,3.62191E+11,Diet-N,-3.21962142
473,3.94475E+11,Diet-B,-3.179086447
474,9.87544E+11,Diet-B,-1.639578342
474,2.42391E+11,Diet-S,-1.584812403
475,7.21276E+11,Diet-L,-3.119531393
475,6.49872E+11,Diet-B,-3.140280962
475,9.72018E+11,Diet-B,-3.262775183
475,10669636038,Diet-H,-3.200388908
475,3.62191E+11,Diet-F,-3.219841242
475,3.94475E+11,Diet-Q,-3.17932415
482,7.21276E+11,Diet-B,-3.119021177
482,6.49872E+11,Diet-H,-3.139815331
482,9.72018E+11,Diet-D,-3.262337923
482,10669636038,Diet-P,-3.199984789
482,3.62191E+11,Diet-M,-3.219395638
482,3.94475E+11,Diet-M,-3.178817511
484,7.21276E+11,Diet-H,-3.118973732
484,6.49872E+11,Diet-A,-3.139763832
484,9.72018E+11,Diet-O,-3.262338638
484,10669636038,Diet-L,-3.199943781
484,3.62191E+11,Diet-E,-3.219385862
484,3.94475E+11,Diet-G,-3.178804398
485,8.25058E+11,Diet-N,0.138178959
487,9.87544E+11,Diet-N,-1.652602077
487,2.42391E+11,Diet-C,-1.597494841
491,7.21276E+11,Diet-R,-3.117969751
491,6.49872E+11,Diet-O,-3.138777256
491,9.72018E+11,Diet-L,-3.26139617
491,10669636038,Diet-H,-3.198931217
491,3.62191E+11,Diet-P,-3.218405247
491,3.94475E+11,Diet-J,-3.177771091
492,7.21276E+11,Diet-J,-3.118297338
492,6.49872E+11,Diet-S,-3.139199257
492,9.72018E+11,Diet-C,-3.26173234
492,10669636038,Diet-N,-3.199249983
492,3.62191E+11,Diet-K,-3.218722582
492,3.94475E+11,Diet-G,-3.178116083
493,7.21276E+11,Diet-F,-3.118854523
493,6.49872E+11,Diet-L,-3.139638662
493,9.72018E+11,Diet-F,-3.262204409
493,10669636038,Diet-I,-3.199766874
493,3.62191E+11,Diet-A,-3.2192204
493,3.94475E+11,Diet-G,-3.178668499
494,7.21276E+11,Diet-R,-3.119065285
494,6.49872E+11,Diet-M,-3.139839411
494,9.72018E+11,Diet-H,-3.262357712
494,10669636038,Diet-B,-3.199963331
494,3.62191E+11,Diet-K,-3.219412088
494,3.94475E+11,Diet-M,-3.178847075
495,7.21276E+11,Diet-R,-3.119780302
495,6.49872E+11,Diet-C,-3.140527487
495,9.72018E+11,Diet-M,-3.263014555
495,10669636038,Diet-L,-3.200643301
495,3.62191E+11,Diet-A,-3.220075607
495,3.94475E+11,Diet-N,-3.179559469
505,9.87544E+11,Diet-G,-1.646892071
505,2.42391E+11,Diet-O,-1.59200263
506,7.21276E+11,Diet-H,-3.119841814
506,6.49872E+11,Diet-K,-3.140558958
506,9.72018E+11,Diet-N,-3.263079882
506,10669636038,Diet-D,-3.200723886
506,3.62191E+11,Diet-G,-3.220180035
506,3.94475E+11,Diet-P,-3.179628849
510,7.21276E+11,Diet-G,-3.119806528
510,6.49872E+11,Diet-E,-3.14053154
510,9.72018E+11,Diet-S,-3.263040543
510,10669636038,Diet-H,-3.200672388
510,3.62191E+11,Diet-B,-3.220131874
510,3.94475E+11,Diet-H,-3.179528952
513,7.21276E+11,Diet-R,-3.119835615
513,6.49872E+11,Diet-A,-3.140580654
513,9.72018E+11,Diet-F,-3.263102293
513,10669636038,Diet-D,-3.200675249
513,3.62191E+11,Diet-F,-3.220129013
513,3.94475E+11,Diet-O,-3.179584026
514,9.87544E+11,Diet-P,-1.647207141
514,2.42391E+11,Diet-P,-1.59204638
515,7.21276E+11,Diet-N,-3.120784283
515,6.49872E+11,Diet-M,-3.141521931
515,9.72018E+11,Diet-A,-3.263898611
515,10669636038,Diet-E,-3.201640368
515,3.62191E+11,Diet-M,-3.221040249
515,3.94475E+11,Diet-H,-3.180571318
520,7.21276E+11,Diet-B,-3.119301796
520,6.49872E+11,Diet-M,-3.140129328
520,9.72018E+11,Diet-H,-3.262625933
520,10669636038,Diet-B,-3.200192928
520,3.62191E+11,Diet-A,-3.219705582
520,3.94475E+11,Diet-B,-3.179078341
521,7.21276E+11,Diet-G,-3.119340181
521,6.49872E+11,Diet-E,-3.14008522
521,9.72018E+11,Diet-D,-3.262642384
521,10669636038,Diet-R,-3.200219631
521,3.62191E+11,Diet-F,-3.219726324
521,3.94475E+11,Diet-P,-3.17912364
523,7.21276E+11,Diet-Q,-3.119253397
523,6.49872E+11,Diet-G,-3.140039444
523,9.72018E+11,Diet-Q,-3.262550831
523,10669636038,Diet-E,-3.200182676
523,3.62191E+11,Diet-C,-3.219611645
523,3.94475E+11,Diet-N,-3.179085255
524,7.21276E+11,Diet-A,-3.12012291
524,6.49872E+11,Diet-O,-3.140867472
524,9.72018E+11,Diet-K,-3.263312101
524,10669636038,Diet-L,-3.200996637
524,3.62191E+11,Diet-L,-3.22039628
524,3.94475E+11,Diet-Q,-3.179923534
525,9.87544E+11,Diet-G,-1.636226892
525,2.42391E+11,Diet-J,-1.581588149
527,7.21276E+11,Diet-F,-3.119412184
527,6.49872E+11,Diet-G,-3.140143871
527,9.72018E+11,Diet-Q,-3.262706041
527,10669636038,Diet-C,-3.200305462
527,3.62191E+11,Diet-H,-3.2197299
527,3.94475E+11,Diet-I,-3.17918539
529,7.21276E+11,Diet-L,-3.11921978
529,6.49872E+11,Diet-K,-3.139953136
529,9.72018E+11,Diet-F,-3.262518167
529,10669636038,Diet-N,-3.200104713
529,3.62191E+11,Diet-J,-3.219556093
529,3.94475E+11,Diet-A,-3.178976536
536,7.21276E+11,Diet-A,-3.119310856
536,6.49872E+11,Diet-H,-3.140074253
536,9.72018E+11,Diet-H,-3.26265645
536,10669636038,Diet-H,-3.200194359
536,3.62191E+11,Diet-J,-3.219731331
536,3.94475E+11,Diet-R,-3.17914772
541,7.21276E+11,Diet-O,-3.118790627
541,6.49872E+11,Diet-R,-3.139578581
541,9.72018E+11,Diet-D,-3.262185097
541,10669636038,Diet-O,-3.199732304
541,3.62191E+11,Diet-B,-3.219187498
541,3.94475E+11,Diet-M,-3.178628683
543,7.21276E+11,Diet-P,-3.118271828
543,6.49872E+11,Diet-F,-3.139081955
543,9.72018E+11,Diet-B,-3.261697531
543,10669636038,Diet-D,-3.19920373
543,3.62191E+11,Diet-O,-3.218701839
543,3.94475E+11,Diet-B,-3.178062677
545,7.21276E+11,Diet-M,-3.119697809
545,6.49872E+11,Diet-F,-3.140439987
545,9.72018E+11,Diet-Q,-3.262898922
545,10669636038,Diet-E,-3.200526476
545,3.62191E+11,Diet-P,-3.219998121
545,3.94475E+11,Diet-F,-3.17943573
551,7.21276E+11,Diet-E,-3.119804382
551,6.49872E+11,Diet-K,-3.140563011
551,9.72018E+11,Diet-R,-3.263098001
551,10669636038,Diet-S,-3.200662613
551,3.62191E+11,Diet-H,-3.220129013
551,3.94475E+11,Diet-N,-3.17957139
552,7.21276E+11,Diet-S,-3.118681431
552,6.49872E+11,Diet-I,-3.139439106
552,9.72018E+11,Diet-S,-3.26199317
552,10669636038,Diet-E,-3.199483156
552,3.62191E+11,Diet-Q,-3.219055891
552,3.94475E+11,Diet-E,-3.178454161
554,8.25058E+11,Diet-J,0.138204187
556,7.21276E+11,Diet-H,-3.119010925
556,6.49872E+11,Diet-N,-3.139771938
556,9.72018E+11,Diet-D,-3.262318373
556,10669636038,Diet-O,-3.199921131
556,3.62191E+11,Diet-B,-3.219361305
556,3.94475E+11,Diet-B,-3.178793907
557,7.21276E+11,Diet-F,-3.119593859
557,6.49872E+11,Diet-A,-3.140338421
557,9.72018E+11,Diet-O,-3.262826443
557,10669636038,Diet-C,-3.200472116
557,3.62191E+11,Diet-N,-3.219950676
557,3.94475E+11,Diet-E,-3.179393053
564,9.87544E+11,Diet-Q,-1.648629308
564,2.42391E+11,Diet-F,-1.593625069
566,7.21276E+11,Diet-O,-3.119876146
566,6.49872E+11,Diet-H,-3.140664577
566,9.72018E+11,Diet-S,-3.263136864
566,10669636038,Diet-M,-3.200735331
566,3.62191E+11,Diet-O,-3.220186472
566,3.94475E+11,Diet-I,-3.179642439
567,7.21276E+11,Diet-J,-3.119142056
567,6.49872E+11,Diet-R,-3.139933586
567,9.72018E+11,Diet-E,-3.262484312
567,10669636038,Diet-S,-3.200079441
567,3.62191E+11,Diet-L,-3.219609976
567,3.94475E+11,Diet-F,-3.178935289
568,7.21276E+11,Diet-Q,-3.11851263
568,6.49872E+11,Diet-M,-3.139272451
568,9.72018E+11,Diet-A,-3.26183176
568,10669636038,Diet-A,-3.199363708
568,3.62191E+11,Diet-S,-3.218902111
568,3.94475E+11,Diet-P,-3.17830658
570,7.21276E+11,Diet-P,-3.119812012
570,6.49872E+11,Diet-R,-3.140562534
570,9.72018E+11,Diet-O,-3.263077021
570,10669636038,Diet-F,-3.200664282
570,3.62191E+11,Diet-C,-3.220124483
570,3.94475E+11,Diet-Q,-3.179578781
571,7.21276E+11,Diet-I,-3.119745493
571,6.49872E+11,Diet-O,-3.140515089
571,9.72018E+11,Diet-L,-3.26299262
571,10669636038,Diet-G,-3.200654268
571,3.62191E+11,Diet-I,-3.220086813
571,3.94475E+11,Diet-O,-3.17958045
574,7.21276E+11,Diet-G,-3.119216204
574,6.49872E+11,Diet-E,-3.140023947
574,9.72018E+11,Diet-M,-3.262610674
574,10669636038,Diet-F,-3.200176716
574,3.62191E+11,Diet-B,-3.219645739
574,3.94475E+11,Diet-S,-3.179001808
576,7.21276E+11,Diet-Q,-3.118970633
576,6.49872E+11,Diet-A,-3.139749765
576,9.72018E+11,Diet-Q,-3.26233983
576,10669636038,Diet-C,-3.19987464
576,3.62191E+11,Diet-L,-3.219354868
576,3.94475E+11,Diet-Q,-3.178777933
580,7.21276E+11,Diet-O,-3.119267225
580,6.49872E+11,Diet-N,-3.140021324
580,9.72018E+11,Diet-I,-3.262614489
580,10669636038,Diet-M,-3.200145721
580,3.62191E+11,Diet-D,-3.219608545
580,3.94475E+11,Diet-E,-3.179081678
581,7.21276E+11,Diet-D,-3.118533134
581,6.49872E+11,Diet-N,-3.139266968
581,9.72018E+11,Diet-M,-3.261821508
581,10669636038,Diet-K,-3.199421167
581,3.62191E+11,Diet-N,-3.218911648
581,3.94475E+11,Diet-R,-3.178281069
582,7.21276E+11,Diet-I,-3.119343519
582,6.49872E+11,Diet-I,-3.140141726
582,9.72018E+11,Diet-S,-3.262650728
582,10669636038,Diet-E,-3.200226545
582,3.62191E+11,Diet-H,-3.219689369
582,3.94475E+11,Diet-D,-3.179119825
586,7.21276E+11,Diet-N,-3.120421648
586,6.49872E+11,Diet-D,-3.141177893
586,9.72018E+11,Diet-B,-3.263587952
586,10669636038,Diet-E,-3.201250076
586,3.62191E+11,Diet-J,-3.220624924
586,3.94475E+11,Diet-R,-3.180222273
590,7.21276E+11,Diet-J,-3.119315386
590,6.49872E+11,Diet-L,-3.140063286
590,9.72018E+11,Diet-A,-3.262590408
590,10669636038,Diet-L,-3.200206995
590,3.62191E+11,Diet-P,-3.219672203
590,3.94475E+11,Diet-F,-3.179107189
591,9.87544E+11,Diet-G,-1.663585663
591,2.42391E+11,Diet-B,-1.60803771
594,7.21276E+11,Diet-G,-3.119128942
594,6.49872E+11,Diet-D,-3.139974594
594,9.72018E+11,Diet-N,-3.262448788
594,10669636038,Diet-G,-3.200083256
594,3.62191E+11,Diet-Q,-3.219547749
594,3.94475E+11,Diet-J,-3.178909063
595,7.21276E+11,Diet-E,-3.118496418
595,6.49872E+11,Diet-F,-3.13928318
595,9.72018E+11,Diet-S,-3.261844158
595,10669636038,Diet-E,-3.199388981
595,3.62191E+11,Diet-D,-3.218944311
595,3.94475E+11,Diet-G,-3.17827034
597,7.21276E+11,Diet-R,-3.119044542
597,6.49872E+11,Diet-R,-3.139799595
597,9.72018E+11,Diet-N,-3.262373447
597,10669636038,Diet-L,-3.199908257
597,3.62191E+11,Diet-L,-3.219401836
597,3.94475E+11,Diet-A,-3.178782463
600,7.21276E+11,Diet-A,-3.119904041
600,6.49872E+11,Diet-Q,-3.140609503
600,9.72018E+11,Diet-S,-3.263070822
600,10669636038,Diet-A,-3.200699568
600,3.62191E+11,Diet-R,-3.220195293
600,3.94475E+11,Diet-P,-3.179651022
601,7.21276E+11,Diet-B,-3.119324684
601,6.49872E+11,Diet-B,-3.14003849
601,9.72018E+11,Diet-C,-3.262657166
601,10669636038,Diet-I,-3.200174809
601,3.62191E+11,Diet-P,-3.219641209
601,3.94475E+11,Diet-E,-3.179123878
606,7.21276E+11,Diet-Q,-3.119216681
606,6.49872E+11,Diet-B,-3.139959812
606,9.72018E+11,Diet-B,-3.26246953
606,10669636038,Diet-Q,-3.200081348
606,3.62191E+11,Diet-P,-3.219587326
606,3.94475E+11,Diet-G,-3.178982973
614,7.21276E+11,Diet-L,-3.119844198
614,6.49872E+11,Diet-L,-3.140553951
614,9.72018E+11,Diet-G,-3.263093948
614,10669636038,Diet-I,-3.200658798
614,3.62191E+11,Diet-L,-3.220163584
614,3.94475E+11,Diet-J,-3.179604292
616,7.21276E+11,Diet-R,-3.119416475
616,6.49872E+11,Diet-H,-3.140217781
616,9.72018E+11,Diet-K,-3.262673616
616,10669636038,Diet-B,-3.200306892
616,3.62191E+11,Diet-P,-3.219772816
616,3.94475E+11,Diet-M,-3.179190874
618,7.21276E+11,Diet-K,-3.118713617
618,6.49872E+11,Diet-A,-3.139476299
618,9.72018E+11,Diet-J,-3.262059212
618,10669636038,Diet-H,-3.199613333
618,3.62191E+11,Diet-E,-3.219126225
618,3.94475E+11,Diet-H,-3.178533316
620,7.21276E+11,Diet-Q,-3.119000196
620,6.49872E+11,Diet-R,-3.139758348
620,9.72018E+11,Diet-I,-3.262337446
620,10669636038,Diet-G,-3.199899435
620,3.62191E+11,Diet-S,-3.219414473
620,3.94475E+11,Diet-G,-3.178794146
624,7.21276E+11,Diet-I,-3.120354652
624,6.49872E+11,Diet-D,-3.141097069
624,9.72018E+11,Diet-G,-3.263545513
624,10669636038,Diet-G,-3.201192617
624,3.62191E+11,Diet-C,-3.220677614
624,3.94475E+11,Diet-L,-3.180134058
626,7.21276E+11,Diet-C,-3.119989634
626,6.49872E+11,Diet-F,-3.140777111
626,9.72018E+11,Diet-L,-3.263237238
626,10669636038,Diet-D,-3.200853348
626,3.62191E+11,Diet-Q,-3.220351934
626,3.94475E+11,Diet-P,-3.17980361
627,7.21276E+11,Diet-G,-3.118857384
627,6.49872E+11,Diet-G,-3.139665365
627,9.72018E+11,Diet-E,-3.262215376
627,10669636038,Diet-H,-3.199825287
627,3.62191E+11,Diet-L,-3.219255447
627,3.94475E+11,Diet-E,-3.17865324
632,7.21276E+11,Diet-R,-3.118830681
632,6.49872E+11,Diet-B,-3.139636517
632,9.72018E+11,Diet-D,-3.262229443
632,10669636038,Diet-N,-3.199786663
632,3.62191E+11,Diet-L,-3.219281912
632,3.94475E+11,Diet-E,-3.17865777
634,7.21276E+11,Diet-C,-3.119748831
634,6.49872E+11,Diet-B,-3.140458107
634,9.72018E+11,Diet-G,-3.262972116
634,10669636038,Diet-F,-3.200600624
634,3.62191E+11,Diet-H,-3.220080614
634,3.94475E+11,Diet-E,-3.17948103
635,7.21276E+11,Diet-E,-3.119681597
635,6.49872E+11,Diet-L,-3.14043951
635,9.72018E+11,Diet-B,-3.26294899
635,10669636038,Diet-G,-3.200589418
635,3.62191E+11,Diet-D,-3.220010519
635,3.94475E+11,Diet-P,-3.179473162
637,7.21276E+11,Diet-D,-3.118876696
637,6.49872E+11,Diet-D,-3.139637947
637,9.72018E+11,Diet-L,-3.262252569
637,10669636038,Diet-P,-3.199760675
637,3.62191E+11,Diet-C,-3.219313383
637,3.94475E+11,Diet-R,-3.178646803
638,9.87544E+11,Diet-F,-1.645394087
638,2.42391E+11,Diet-F,-1.590410709
643,7.21276E+11,Diet-C,-3.119062424
643,6.49872E+11,Diet-O,-3.139875412
643,9.72018E+11,Diet-F,-3.262331963
643,10669636038,Diet-B,-3.199904203
643,3.62191E+11,Diet-N,-3.219429493
643,3.94475E+11,Diet-Q,-3.178826571
644,7.21276E+11,Diet-F,-3.118121862
644,6.49872E+11,Diet-O,-3.138962746
644,9.72018E+11,Diet-A,-3.26154995
644,10669636038,Diet-O,-3.19908762
644,3.62191E+11,Diet-N,-3.218589544
644,3.94475E+11,Diet-J,-3.177959442
645,7.21276E+11,Diet-M,-3.119146824
645,6.49872E+11,Diet-G,-3.139945984
645,9.72018E+11,Diet-F,-3.262473822
645,10669636038,Diet-R,-3.200083017
645,3.62191E+11,Diet-C,-3.219573736
645,3.94475E+11,Diet-N,-3.178967953
647,7.21276E+11,Diet-A,-3.118953228
647,6.49872E+11,Diet-D,-3.139756441
647,9.72018E+11,Diet-J,-3.262315512
647,10669636038,Diet-S,-3.199930906
647,3.62191E+11,Diet-Q,-3.219361544
647,3.94475E+11,Diet-S,-3.178767443
653,7.21276E+11,Diet-L,-3.119725943
653,6.49872E+11,Diet-N,-3.1404562
653,9.72018E+11,Diet-S,-3.262917519
653,10669636038,Diet-H,-3.200550795
653,3.62191E+11,Diet-M,-3.220052004
653,3.94475E+11,Diet-G,-3.179478884
656,7.21276E+11,Diet-I,-3.119091034
656,6.49872E+11,Diet-P,-3.139826775
656,9.72018E+11,Diet-I,-3.26238513
656,10669636038,Diet-I,-3.199973822
656,3.62191E+11,Diet-Q,-3.219442844
656,3.94475E+11,Diet-N,-3.178888321
657,7.21276E+11,Diet-R,-3.119303226
657,6.49872E+11,Diet-C,-3.140136242
657,9.72018E+11,Diet-I,-3.262665749
657,10669636038,Diet-K,-3.200233936
657,3.62191E+11,Diet-S,-3.219701767
657,3.94475E+11,Diet-B,-3.179111719
661,7.21276E+11,Diet-K,-3.119035006
661,6.49872E+11,Diet-Q,-3.139812946
661,9.72018E+11,Diet-I,-3.262386322
661,10669636038,Diet-S,-3.199949503
661,3.62191E+11,Diet-N,-3.219439507
661,3.94475E+11,Diet-H,-3.178889275
664,9.87544E+11,Diet-B,-1.632855296
664,2.42391E+11,Diet-I,-1.57831645
665,9.87544E+11,Diet-M,-1.662687659
665,2.42391E+11,Diet-B,-1.60707736
666,7.21276E+11,Diet-I,-3.118903399
666,6.49872E+11,Diet-J,-3.139749765
666,9.72018E+11,Diet-N,-3.262196541
666,10669636038,Diet-L,-3.199782848
666,3.62191E+11,Diet-N,-3.219300508
666,3.94475E+11,Diet-I,-3.178606987
670,7.21276E+11,Diet-K,-3.118892431
670,6.49872E+11,Diet-L,-3.139621019
670,9.72018E+11,Diet-N,-3.262164116
670,10669636038,Diet-H,-3.199781418
670,3.62191E+11,Diet-G,-3.219249725
670,3.94475E+11,Diet-Q,-3.178624868
673,7.21276E+11,Diet-B,-3.118355989
673,6.49872E+11,Diet-M,-3.139227867
673,9.72018E+11,Diet-K,-3.261759043
673,10669636038,Diet-S,-3.199292898
673,3.62191E+11,Diet-R,-3.218821764
673,3.94475E+11,Diet-F,-3.178235531
676,7.21276E+11,Diet-N,-3.118341446
676,6.49872E+11,Diet-B,-3.139176607
676,9.72018E+11,Diet-A,-3.261757612
676,10669636038,Diet-C,-3.199288845
676,3.62191E+11,Diet-M,-3.218831062
676,3.94475E+11,Diet-Q,-3.178109884
677,7.21276E+11,Diet-Q,-3.12046361
677,6.49872E+11,Diet-M,-3.141183376
677,9.72018E+11,Diet-K,-3.263642073
677,10669636038,Diet-N,-3.201282501
677,3.62191E+11,Diet-E,-3.220730066
677,3.94475E+11,Diet-A,-3.180220127
678,8.25058E+11,Diet-L,0.138040602
682,7.21276E+11,Diet-P,-3.119755745
682,6.49872E+11,Diet-G,-3.140585423
682,9.72018E+11,Diet-S,-3.263038874
682,10669636038,Diet-C,-3.20069623
682,3.62191E+11,Diet-I,-3.220086575
682,3.94475E+11,Diet-J,-3.179534197
684,7.21276E+11,Diet-H,-3.118464231
684,6.49872E+11,Diet-S,-3.139255047
684,9.72018E+11,Diet-E,-3.261892796
684,10669636038,Diet-Q,-3.199430466
684,3.62191E+11,Diet-H,-3.218865156
684,3.94475E+11,Diet-F,-3.178222895
685,7.21276E+11,Diet-M,-3.118553162
685,6.49872E+11,Diet-I,-3.139327765
685,9.72018E+11,Diet-Q,-3.261959076
685,10669636038,Diet-R,-3.19945693
685,3.62191E+11,Diet-S,-3.219007492
685,3.94475E+11,Diet-Q,-3.17839098
686,9.87544E+11,Diet-N,-1.644342542
686,2.42391E+11,Diet-H,-1.589509964
687,9.87544E+11,Diet-C,-1.64287281
687,2.42391E+11,Diet-J,-1.58796978
688,7.21276E+11,Diet-H,-3.119282484
688,6.49872E+11,Diet-E,-3.140015841
688,9.72018E+11,Diet-K,-3.262576818
688,10669636038,Diet-N,-3.200187445
688,3.62191E+11,Diet-S,-3.219724655
688,3.94475E+11,Diet-A,-3.179071188
690,7.21276E+11,Diet-J,-3.118711472
690,6.49872E+11,Diet-S,-3.139562607
690,9.72018E+11,Diet-A,-3.262041092
690,10669636038,Diet-A,-3.199646235
690,3.62191E+11,Diet-F,-3.219158411
690,3.94475E+11,Diet-J,-3.178531408
692,7.21276E+11,Diet-Q,-3.119625568
692,6.49872E+11,Diet-G,-3.140359879
692,9.72018E+11,Diet-E,-3.262857199
692,10669636038,Diet-L,-3.20051527
692,3.62191E+11,Diet-I,-3.219981432
692,3.94475E+11,Diet-S,-3.179427862
695,8.25058E+11,Diet-R,0.138550594
697,7.21276E+11,Diet-N,-3.119396687
697,6.49872E+11,Diet-F,-3.140074015
697,9.72018E+11,Diet-F,-3.262685299
697,10669636038,Diet-H,-3.200256586
697,3.62191E+11,Diet-G,-3.219735861
697,3.94475E+11,Diet-L,-3.17916894
700,9.87544E+11,Diet-E,-1.645580411
700,2.42391E+11,Diet-D,-1.590616941
702,7.21276E+11,Diet-P,-3.11789155
702,6.49872E+11,Diet-K,-3.138726711
702,9.72018E+11,Diet-P,-3.261383057
702,10669636038,Diet-Q,-3.198885679
702,3.62191E+11,Diet-M,-3.218399525
702,3.94475E+11,Diet-R,-3.177750349
703,9.87544E+11,Diet-K,-1.656241179
703,2.42391E+11,Diet-E,-1.60092926
705,9.87544E+11,Diet-M,-1.653146625
705,2.42391E+11,Diet-P,-1.597968817
706,7.21276E+11,Diet-S,-3.118950367
706,6.49872E+11,Diet-H,-3.139751673
706,9.72018E+11,Diet-Q,-3.262346506
706,10669636038,Diet-R,-3.199931145
706,3.62191E+11,Diet-F,-3.219379425
706,3.94475E+11,Diet-G,-3.178797007
707,9.87544E+11,Diet-K,-1.646864057
707,2.42391E+11,Diet-E,-1.591802716
709,7.21276E+11,Diet-M,-3.119243622
709,6.49872E+11,Diet-F,-3.140055656
709,9.72018E+11,Diet-K,-3.262563944
709,10669636038,Diet-R,-3.200155973
709,3.62191E+11,Diet-L,-3.219648361
709,3.94475E+11,Diet-L,-3.179046392
714,7.21276E+11,Diet-N,-3.119133472
714,6.49872E+11,Diet-Q,-3.139936209
714,9.72018E+11,Diet-I,-3.262495518
714,10669636038,Diet-D,-3.200063467
714,3.62191E+11,Diet-B,-3.219544888
714,3.94475E+11,Diet-M,-3.178964615
716,7.21276E+11,Diet-H,-3.120316505
716,6.49872E+11,Diet-M,-3.140990973
716,9.72018E+11,Diet-D,-3.263432026
716,10669636038,Diet-I,-3.201131105
716,3.62191E+11,Diet-D,-3.220597267
716,3.94475E+11,Diet-J,-3.18006134
717,7.21276E+11,Diet-G,-3.119673252
717,6.49872E+11,Diet-N,-3.140428782
717,9.72018E+11,Diet-K,-3.262941837
717,10669636038,Diet-A,-3.200555086
717,3.62191E+11,Diet-L,-3.220053911
717,3.94475E+11,Diet-L,-3.179437876
718,7.21276E+11,Diet-J,-3.120024204
718,6.49872E+11,Diet-E,-3.14073801
718,9.72018E+11,Diet-M,-3.263252974
718,10669636038,Diet-E,-3.200867891
718,3.62191E+11,Diet-H,-3.220326185
718,3.94475E+11,Diet-Q,-3.179798365
720,7.21276E+11,Diet-L,-3.11963439
720,6.49872E+11,Diet-M,-3.140354156
720,9.72018E+11,Diet-Q,-3.262825012
720,10669636038,Diet-L,-3.200504541
720,3.62191E+11,Diet-J,-3.219940901
720,3.94475E+11,Diet-N,-3.17934227
721,7.21276E+11,Diet-R,-3.119204998
721,6.49872E+11,Diet-P,-3.140044689
721,9.72018E+11,Diet-D,-3.262513638
721,10669636038,Diet-P,-3.200141668
721,3.62191E+11,Diet-F,-3.219632387
721,3.94475E+11,Diet-D,-3.179017305
724,7.21276E+11,Diet-P,-3.119673491
724,6.49872E+11,Diet-L,-3.140396118
724,9.72018E+11,Diet-M,-3.262915373
724,10669636038,Diet-K,-3.200570822
724,3.62191E+11,Diet-Q,-3.219989538
724,3.94475E+11,Diet-F,-3.17944932
729,9.87544E+11,Diet-G,-1.642107844
729,2.42391E+11,Diet-O,-1.587255359
735,7.21276E+11,Diet-D,-3.118935347
735,6.49872E+11,Diet-S,-3.139670849
735,9.72018E+11,Diet-H,-3.262242794
735,10669636038,Diet-G,-3.199784517
735,3.62191E+11,Diet-C,-3.219241381
735,3.94475E+11,Diet-D,-3.178691626
738,9.87544E+11,Diet-I,-1.647395492
738,2.42391E+11,Diet-R,-1.592351198
740,7.21276E+11,Diet-M,-3.119280577
740,6.49872E+11,Diet-B,-3.140054941
740,9.72018E+11,Diet-R,-3.262654066
740,10669636038,Diet-J,-3.200178623
740,3.62191E+11,Diet-P,-3.219701529
740,3.94475E+11,Diet-M,-3.179069757
743,7.21276E+11,Diet-D,-3.119217157
743,6.49872E+11,Diet-F,-3.139930487
743,9.72018E+11,Diet-F,-3.262467623
743,10669636038,Diet-O,-3.200036049
743,3.62191E+11,Diet-L,-3.219581127
743,3.94475E+11,Diet-A,-3.178996086
748,7.21276E+11,Diet-B,-3.119292498
748,6.49872E+11,Diet-F,-3.140067101
748,9.72018E+11,Diet-B,-3.262648582
748,10669636038,Diet-R,-3.200219154
748,3.62191E+11,Diet-D,-3.219687223
748,3.94475E+11,Diet-F,-3.179080009
749,7.21276E+11,Diet-F,-3.118676901
749,6.49872E+11,Diet-Q,-3.139503956
749,9.72018E+11,Diet-F,-3.262063742
749,10669636038,Diet-N,-3.199622869
749,3.62191E+11,Diet-J,-3.219134808
749,3.94475E+11,Diet-P,-3.178447723
750,7.21276E+11,Diet-A,-3.119005442
750,6.49872E+11,Diet-B,-3.139801264
750,9.72018E+11,Diet-A,-3.262385845
750,10669636038,Diet-S,-3.199924469
750,3.62191E+11,Diet-P,-3.219406605
750,3.94475E+11,Diet-S,-3.178807497
752,9.87544E+11,Diet-C,-1.654010057
752,2.42391E+11,Diet-F,-1.598789334
755,9.87544E+11,Diet-F,-1.644127369
755,2.42391E+11,Diet-K,-1.589218736
767,7.21276E+11,Diet-K,-3.1191926
767,6.49872E+11,Diet-M,-3.139970303
767,9.72018E+11,Diet-S,-3.26247859
767,10669636038,Diet-S,-3.200049162
767,3.62191E+11,Diet-N,-3.219551563
767,3.94475E+11,Diet-E,-3.178953409
769,7.21276E+11,Diet-Q,-3.118972063
769,6.49872E+11,Diet-L,-3.139765501
769,9.72018E+11,Diet-G,-3.262282372
769,10669636038,Diet-O,-3.199823141
769,3.62191E+11,Diet-L,-3.219328642
769,3.94475E+11,Diet-S,-3.17878294
770,7.21276E+11,Diet-B,-3.119051933
770,6.49872E+11,Diet-K,-3.139769316
770,9.72018E+11,Diet-M,-3.262369871
770,10669636038,Diet-L,-3.199909925
770,3.62191E+11,Diet-A,-3.219417334
770,3.94475E+11,Diet-L,-3.178844452
771,7.21276E+11,Diet-P,-3.119546175
771,6.49872E+11,Diet-I,-3.140205622
771,9.72018E+11,Diet-P,-3.262700796
771,10669636038,Diet-N,-3.200333357
771,3.62191E+11,Diet-E,-3.219765902
771,3.94475E+11,Diet-J,-3.17920804
774,7.21276E+11,Diet-D,-3.118565559
774,6.49872E+11,Diet-O,-3.139361382
774,9.72018E+11,Diet-M,-3.261960745
774,10669636038,Diet-J,-3.199553967
774,3.62191E+11,Diet-Q,-3.21898222
774,3.94475E+11,Diet-I,-3.1784091
777,7.21276E+11,Diet-I,-3.119179487
777,6.49872E+11,Diet-N,-3.139912605
777,9.72018E+11,Diet-I,-3.262528896
777,10669636038,Diet-P,-3.20008111
777,3.62191E+11,Diet-M,-3.219568253
777,3.94475E+11,Diet-A,-3.178950787
778,7.21276E+11,Diet-P,-3.118868113
778,6.49872E+11,Diet-H,-3.139700651
778,9.72018E+11,Diet-S,-3.262249947
778,10669636038,Diet-A,-3.199783802
778,3.62191E+11,Diet-N,-3.219271898
778,3.94475E+11,Diet-S,-3.178682566
779,7.21276E+11,Diet-A,-3.118549585
779,6.49872E+11,Diet-D,-3.139344692
779,9.72018E+11,Diet-H,-3.261909962
779,10669636038,Diet-H,-3.199458838
779,3.62191E+11,Diet-C,-3.218954086
779,3.94475E+11,Diet-B,-3.178314924
783,9.87544E+11,Diet-D,-1.644232988
783,2.42391E+11,Diet-P,-1.589266896
789,7.21276E+11,Diet-F,-3.120299578
789,6.49872E+11,Diet-D,-3.141005993
789,9.72018E+11,Diet-Q,-3.263446331
789,10669636038,Diet-S,-3.201076508
789,3.62191E+11,Diet-K,-3.220561028
789,3.94475E+11,Diet-E,-3.180036068
801,7.21276E+11,Diet-Q,-3.118632078
801,6.49872E+11,Diet-P,-3.139409542
801,9.72018E+11,Diet-H,-3.26200223
801,10669636038,Diet-R,-3.19960618
801,3.62191E+11,Diet-J,-3.219092369
801,3.94475E+11,Diet-R,-3.178434849
803,7.21276E+11,Diet-N,-3.119029045
803,6.49872E+11,Diet-A,-3.139853716
803,9.72018E+11,Diet-I,-3.262419462
803,10669636038,Diet-D,-3.19995141
803,3.62191E+11,Diet-G,-3.219475508
803,3.94475E+11,Diet-L,-3.178896904
805,7.21276E+11,Diet-L,-3.119073391
805,6.49872E+11,Diet-N,-3.139855862
805,9.72018E+11,Diet-J,-3.262423754
805,10669636038,Diet-N,-3.199957609
805,3.62191E+11,Diet-Q,-3.219479322
805,3.94475E+11,Diet-M,-3.178888798
813,7.21276E+11,Diet-Q,-3.118729591
813,6.49872E+11,Diet-B,-3.139538527
813,9.72018E+11,Diet-H,-3.262115002
813,10669636038,Diet-B,-3.199690342
813,3.62191E+11,Diet-N,-3.219128132
813,3.94475E+11,Diet-D,-3.178560019
814,7.21276E+11,Diet-G,-3.119889021
814,6.49872E+11,Diet-E,-3.140606642
814,9.72018E+11,Diet-R,-3.263144016
814,10669636038,Diet-C,-3.200723886
814,3.62191E+11,Diet-B,-3.220260859
814,3.94475E+11,Diet-R,-3.179705381
816,7.21276E+11,Diet-L,-3.118849039
816,6.49872E+11,Diet-G,-3.139697075
816,9.72018E+11,Diet-K,-3.262168884
816,10669636038,Diet-R,-3.199722052
816,3.62191E+11,Diet-I,-3.21926856
816,3.94475E+11,Diet-Q,-3.178632975
823,7.21276E+11,Diet-C,-3.11926055
823,6.49872E+11,Diet-Q,-3.139955521
823,9.72018E+11,Diet-R,-3.262503624
823,10669636038,Diet-L,-3.200113773
823,3.62191E+11,Diet-N,-3.21955657
823,3.94475E+11,Diet-A,-3.179024696
824,7.21276E+11,Diet-S,-3.118450403
824,6.49872E+11,Diet-D,-3.13928318
824,9.72018E+11,Diet-I,-3.261858225
824,10669636038,Diet-P,-3.199342966
824,3.62191E+11,Diet-I,-3.218916416
824,3.94475E+11,Diet-P,-3.178287029
825,7.21276E+11,Diet-D,-3.119722128
825,6.49872E+11,Diet-O,-3.140490055
825,9.72018E+11,Diet-O,-3.262987852
825,10669636038,Diet-M,-3.200602531
825,3.62191E+11,Diet-Q,-3.220039606
825,3.94475E+11,Diet-J,-3.179533243
828,7.21276E+11,Diet-M,-3.1186378
828,6.49872E+11,Diet-S,-3.139393568
828,9.72018E+11,Diet-O,-3.26197505
828,10669636038,Diet-J,-3.199538469
828,3.62191E+11,Diet-O,-3.219044685
828,3.94475E+11,Diet-E,-3.178405285
830,7.21276E+11,Diet-I,-3.118847847
830,6.49872E+11,Diet-S,-3.139610767
830,9.72018E+11,Diet-F,-3.26216054
830,10669636038,Diet-R,-3.199739456
830,3.62191E+11,Diet-C,-3.219221592
830,3.94475E+11,Diet-C,-3.17863512
831,7.21276E+11,Diet-B,-3.11949873
831,6.49872E+11,Diet-H,-3.140238285
831,9.72018E+11,Diet-P,-3.262734175
831,10669636038,Diet-J,-3.200315475
831,3.62191E+11,Diet-L,-3.219803095
831,3.94475E+11,Diet-D,-3.179269314
832,9.87544E+11,Diet-Q,-1.655263901
832,2.42391E+11,Diet-R,-1.600040436
833,7.21276E+11,Diet-I,-3.119693041
833,6.49872E+11,Diet-O,-3.140498638
833,9.72018E+11,Diet-L,-3.26294136
833,10669636038,Diet-F,-3.200536728
833,3.62191E+11,Diet-Q,-3.220061541
833,3.94475E+11,Diet-C,-3.179478407
835,7.21276E+11,Diet-E,-3.119456768
835,6.49872E+11,Diet-D,-3.140212059
835,9.72018E+11,Diet-G,-3.262730122
835,10669636038,Diet-S,-3.200386047
835,3.62191E+11,Diet-K,-3.219831705
835,3.94475E+11,Diet-H,-3.179285526
841,7.21276E+11,Diet-R,-3.118908167
841,6.49872E+11,Diet-D,-3.139699936
841,9.72018E+11,Diet-J,-3.262247324
841,10669636038,Diet-L,-3.199841976
841,3.62191E+11,Diet-I,-3.219333172
841,3.94475E+11,Diet-A,-3.178761482
842,7.21276E+11,Diet-S,-3.119607687
842,6.49872E+11,Diet-F,-3.140351057
842,9.72018E+11,Diet-M,-3.262884378
842,10669636038,Diet-O,-3.200456858
842,3.62191E+11,Diet-H,-3.219949007
842,3.94475E+11,Diet-C,-3.179371595
843,7.21276E+11,Diet-L,-3.119071007
843,6.49872E+11,Diet-N,-3.139888525
843,9.72018E+11,Diet-A,-3.262453318
843,10669636038,Diet-Q,-3.199975252
843,3.62191E+11,Diet-H,-3.219497681
843,3.94475E+11,Diet-A,-3.178904295
844,9.87544E+11,Diet-E,-1.634917855
844,2.42391E+11,Diet-L,-1.580303907
846,7.21276E+11,Diet-O,-3.118986845
846,6.49872E+11,Diet-D,-3.139806986
846,9.72018E+11,Diet-B,-3.262328386
846,10669636038,Diet-O,-3.199902773
846,3.62191E+11,Diet-A,-3.219396353
846,3.94475E+11,Diet-G,-3.178800583
853,7.21276E+11,Diet-J,-3.12020278
853,6.49872E+11,Diet-L,-3.140935421
853,9.72018E+11,Diet-C,-3.26340127
853,10669636038,Diet-B,-3.20101881
853,3.62191E+11,Diet-E,-3.220516682
853,3.94475E+11,Diet-J,-3.179985762
855,8.25058E+11,Diet-Q,0.138093635
856,7.21276E+11,Diet-B,-3.118810654
856,6.49872E+11,Diet-G,-3.139629602
856,9.72018E+11,Diet-N,-3.262117386
856,10669636038,Diet-S,-3.199739933
856,3.62191E+11,Diet-H,-3.219223261
856,3.94475E+11,Diet-C,-3.178598404
863,9.87544E+11,Diet-G,-1.651000857
863,2.42391E+11,Diet-S,-1.595898271
866,9.87544E+11,Diet-J,-1.646114826
866,2.42391E+11,Diet-R,-1.591115713
868,7.21276E+11,Diet-O,-3.118933201
868,6.49872E+11,Diet-M,-3.139678955
868,9.72018E+11,Diet-C,-3.262288332
868,10669636038,Diet-P,-3.199822187
868,3.62191E+11,Diet-R,-3.219346523
868,3.94475E+11,Diet-D,-3.178742409
869,7.21276E+11,Diet-M,-3.118724346
869,6.49872E+11,Diet-H,-3.13953352
869,9.72018E+11,Diet-A,-3.262120962
869,10669636038,Diet-E,-3.199687243
869,3.62191E+11,Diet-S,-3.219157457
869,3.94475E+11,Diet-Q,-3.178550243
872,7.21276E+11,Diet-O,-3.119395494
872,6.49872E+11,Diet-K,-3.140209675
872,9.72018E+11,Diet-A,-3.262767315
872,10669636038,Diet-P,-3.200347662
872,3.62191E+11,Diet-R,-3.219786882
872,3.94475E+11,Diet-L,-3.179260731
874,7.21276E+11,Diet-G,-3.119832754
874,6.49872E+11,Diet-I,-3.14061451
874,9.72018E+11,Diet-H,-3.263051033
874,10669636038,Diet-D,-3.20069766
874,3.62191E+11,Diet-I,-3.220196724
874,3.94475E+11,Diet-I,-3.179571629
877,7.21276E+11,Diet-O,-3.118220091
877,6.49872E+11,Diet-O,-3.139069319
877,9.72018E+11,Diet-S,-3.261693478
877,10669636038,Diet-P,-3.199228287
877,3.62191E+11,Diet-C,-3.218708754
877,3.94475E+11,Diet-I,-3.178053617
882,7.21276E+11,Diet-G,-3.119155407
882,6.49872E+11,Diet-E,-3.139975786
882,9.72018E+11,Diet-K,-3.262473345
882,10669636038,Diet-Q,-3.200057268
882,3.62191E+11,Diet-A,-3.219560146
882,3.94475E+11,Diet-K,-3.178959846
884,7.21276E+11,Diet-P,-3.118603945
884,6.49872E+11,Diet-R,-3.139364719
884,9.72018E+11,Diet-G,-3.261985302
884,10669636038,Diet-A,-3.199576139
884,3.62191E+11,Diet-P,-3.219058752
884,3.94475E+11,Diet-R,-3.178375483
887,7.21276E+11,Diet-K,-3.118553638
887,6.49872E+11,Diet-M,-3.139345884
887,9.72018E+11,Diet-G,-3.261945724
887,10669636038,Diet-K,-3.199461937
887,3.62191E+11,Diet-H,-3.219023943
887,3.94475E+11,Diet-P,-3.17835331
889,7.21276E+11,Diet-A,-3.119109631
889,6.49872E+11,Diet-F,-3.139899969
889,9.72018E+11,Diet-A,-3.262386799
889,10669636038,Diet-I,-3.200010061
889,3.62191E+11,Diet-K,-3.219475985
889,3.94475E+11,Diet-N,-3.178861618
890,7.21276E+11,Diet-O,-3.118415117
890,6.49872E+11,Diet-Q,-3.139219999
890,9.72018E+11,Diet-S,-3.261826277
890,10669636038,Diet-C,-3.199366808
890,3.62191E+11,Diet-I,-3.218884945
890,3.94475E+11,Diet-K,-3.178229094
896,7.21276E+11,Diet-J,-3.118045092
896,6.49872E+11,Diet-M,-3.138777733
896,9.72018E+11,Diet-N,-3.261443853
896,10669636038,Diet-B,-3.198923826
896,3.62191E+11,Diet-N,-3.218481779
896,3.94475E+11,Diet-L,-3.177803993
899,7.21276E+11,Diet-Q,-3.118700027
899,6.49872E+11,Diet-M,-3.139535904
899,9.72018E+11,Diet-A,-3.262098789
899,10669636038,Diet-R,-3.199695349
899,3.62191E+11,Diet-B,-3.219131947
899,3.94475E+11,Diet-E,-3.178519249
900,7.21276E+11,Diet-C,-3.11909008
900,6.49872E+11,Diet-C,-3.139866829
900,9.72018E+11,Diet-F,-3.262403488
900,10669636038,Diet-M,-3.200011253
900,3.62191E+11,Diet-R,-3.219466686
900,3.94475E+11,Diet-P,-3.178880453
902,7.21276E+11,Diet-O,-3.118297338
902,6.49872E+11,Diet-H,-3.13910985
902,9.72018E+11,Diet-D,-3.261637211
902,10669636038,Diet-C,-3.19922471
902,3.62191E+11,Diet-A,-3.218708515
902,3.94475E+11,Diet-R,-3.178098202
903,7.21276E+11,Diet-L,-3.118589163
903,6.49872E+11,Diet-I,-3.139335871
903,9.72018E+11,Diet-N,-3.262003422
903,10669636038,Diet-I,-3.199530363
903,3.62191E+11,Diet-A,-3.219024897
903,3.94475E+11,Diet-L,-3.178388357
907,7.21276E+11,Diet-R,-3.119819641
907,6.49872E+11,Diet-O,-3.140552521
907,9.72018E+11,Diet-N,-3.263032198
907,10669636038,Diet-G,-3.200641155
907,3.62191E+11,Diet-A,-3.220141888
907,3.94475E+11,Diet-N,-3.179565907
908,9.87544E+11,Diet-M,-1.656573653
908,2.42391E+11,Diet-S,-1.601310492
909,7.21276E+11,Diet-S,-3.118118286
909,6.49872E+11,Diet-M,-3.138988256
909,9.72018E+11,Diet-G,-3.261554003
909,10669636038,Diet-F,-3.199065447
909,3.62191E+11,Diet-O,-3.218632698
909,3.94475E+11,Diet-E,-3.177924156
910,7.21276E+11,Diet-L,-3.118862629
910,6.49872E+11,Diet-K,-3.139648199
910,9.72018E+11,Diet-R,-3.26219368
910,10669636038,Diet-P,-3.199735403
910,3.62191E+11,Diet-C,-3.219231606
910,3.94475E+11,Diet-O,-3.17865777
915,7.21276E+11,Diet-F,-3.119094133
915,6.49872E+11,Diet-F,-3.139904976
915,9.72018E+11,Diet-D,-3.262460947
915,10669636038,Diet-R,-3.200009584
915,3.62191E+11,Diet-O,-3.219476223
915,3.94475E+11,Diet-E,-3.178868532
916,7.21276E+11,Diet-G,-3.119503736
916,6.49872E+11,Diet-J,-3.140292883
916,9.72018E+11,Diet-S,-3.262712717
916,10669636038,Diet-F,-3.200402737
916,3.62191E+11,Diet-C,-3.219871998
916,3.94475E+11,Diet-Q,-3.179261684
918,9.87544E+11,Diet-P,-1.646719337
918,2.42391E+11,Diet-E,-1.591579914
919,7.21276E+11,Diet-F,-3.119385719
919,6.49872E+11,Diet-C,-3.140174866
919,9.72018E+11,Diet-H,-3.26262641
919,10669636038,Diet-H,-3.200282812
919,3.62191E+11,Diet-S,-3.219749212
919,3.94475E+11,Diet-F,-3.179162502
920,7.21276E+11,Diet-K,-3.118745089
920,6.49872E+11,Diet-P,-3.13952589
920,9.72018E+11,Diet-A,-3.262139559
920,10669636038,Diet-K,-3.19969821
920,3.62191E+11,Diet-H,-3.219199657
920,3.94475E+11,Diet-M,-3.17860961
921,7.21276E+11,Diet-C,-3.118911266
921,6.49872E+11,Diet-M,-3.139752388
921,9.72018E+11,Diet-O,-3.262269735
921,10669636038,Diet-B,-3.199826241
921,3.62191E+11,Diet-F,-3.21932888
921,3.94475E+11,Diet-L,-3.178704262
927,7.21276E+11,Diet-N,-3.119417906
927,6.49872E+11,Diet-M,-3.140266418
927,9.72018E+11,Diet-J,-3.262734413
927,10669636038,Diet-P,-3.200367212
927,3.62191E+11,Diet-A,-3.219805717
927,3.94475E+11,Diet-O,-3.179243803
932,7.21276E+11,Diet-I,-3.119151831
932,6.49872E+11,Diet-E,-3.139897823
932,9.72018E+11,Diet-G,-3.262479544
932,10669636038,Diet-G,-3.20003438
932,3.62191E+11,Diet-H,-3.21950984
932,3.94475E+11,Diet-E,-3.178951025
933,9.87544E+11,Diet-R,-1.648066163
933,2.42391E+11,Diet-M,-1.593061566
934,9.87544E+11,Diet-I,-1.652852416
934,2.42391E+11,Diet-A,-1.597666264
935,7.21276E+11,Diet-A,-3.119686842
935,6.49872E+11,Diet-L,-3.140475512
935,9.72018E+11,Diet-Q,-3.262900114
935,10669636038,Diet-J,-3.200489283
935,3.62191E+11,Diet-M,-3.219959259
935,3.94475E+11,Diet-J,-3.179465055
937,7.21276E+11,Diet-M,-3.118714809
937,6.49872E+11,Diet-N,-3.139483452
937,9.72018E+11,Diet-K,-3.262114048
937,10669636038,Diet-I,-3.199624538
937,3.62191E+11,Diet-N,-3.219180584
937,3.94475E+11,Diet-M,-3.178537846
939,7.21276E+11,Diet-F,-3.119183302
939,6.49872E+11,Diet-F,-3.140017033
939,9.72018E+11,Diet-E,-3.262538671
939,10669636038,Diet-A,-3.200100422
939,3.62191E+11,Diet-G,-3.219588518
939,3.94475E+11,Diet-M,-3.179018021
941,7.21276E+11,Diet-A,-3.11996913
941,6.49872E+11,Diet-S,-3.140779972
941,9.72018E+11,Diet-L,-3.263212204
941,10669636038,Diet-O,-3.200875759
941,3.62191E+11,Diet-R,-3.22030282
941,3.94475E+11,Diet-P,-3.179778576
943,7.21276E+11,Diet-D,-3.119974136
943,6.49872E+11,Diet-I,-3.140736818
943,9.72018E+11,Diet-H,-3.263206005
943,10669636038,Diet-S,-3.200881004
943,3.62191E+11,Diet-D,-3.22025466
943,3.94475E+11,Diet-I,-3.179782391
946,7.21276E+11,Diet-J,-3.119490862
946,6.49872E+11,Diet-R,-3.140235424
946,9.72018E+11,Diet-R,-3.262757778
946,10669636038,Diet-Q,-3.200367689
946,3.62191E+11,Diet-D,-3.219824553
946,3.94475E+11,Diet-L,-3.179285049
951,7.21276E+11,Diet-Q,-3.119226456
951,6.49872E+11,Diet-O,-3.139948606
951,9.72018E+11,Diet-P,-3.262486935
951,10669636038,Diet-D,-3.200074673
951,3.62191E+11,Diet-C,-3.219540596
951,3.94475E+11,Diet-G,-3.178943157
952,7.21276E+11,Diet-E,-3.118842125
952,6.49872E+11,Diet-B,-3.139660358
952,9.72018E+11,Diet-G,-3.262188196
952,10669636038,Diet-Q,-3.199785948
952,3.62191E+11,Diet-I,-3.219205379
952,3.94475E+11,Diet-Q,-3.178616524
954,7.21276E+11,Diet-M,-3.118893385
954,6.49872E+11,Diet-E,-3.139728785
954,9.72018E+11,Diet-L,-3.262269735
954,10669636038,Diet-O,-3.199908733
954,3.62191E+11,Diet-N,-3.219332933
954,3.94475E+11,Diet-C,-3.178729296
955,7.21276E+11,Diet-I,-3.119714737
955,6.49872E+11,Diet-P,-3.14048028
955,9.72018E+11,Diet-A,-3.263003826
955,10669636038,Diet-E,-3.200587034
955,3.62191E+11,Diet-K,-3.220081329
955,3.94475E+11,Diet-L,-3.17955327
956,7.21276E+11,Diet-B,-3.119236946
956,6.49872E+11,Diet-S,-3.140032768
956,9.72018E+11,Diet-R,-3.262513876
956,10669636038,Diet-R,-3.200170994
956,3.62191E+11,Diet-O,-3.219623566
956,3.94475E+11,Diet-A,-3.179019213
957,7.21276E+11,Diet-L,-3.119122505
957,6.49872E+11,Diet-E,-3.13984108
957,9.72018E+11,Diet-D,-3.262387753
957,10669636038,Diet-C,-3.19997406
957,3.62191E+11,Diet-I,-3.219474316
957,3.94475E+11,Diet-H,-3.178860426
959,9.87544E+11,Diet-I,-1.633689642
959,2.42391E+11,Diet-B,-1.579104185
960,7.21276E+11,Diet-A,-3.119296074
960,6.49872E+11,Diet-O,-3.140058279
960,9.72018E+11,Diet-Q,-3.26262641
960,10669636038,Diet-L,-3.200173378
960,3.62191E+11,Diet-O,-3.219695091
960,3.94475E+11,Diet-I,-3.179089069
961,7.21276E+11,Diet-E,-3.119243145
961,6.49872E+11,Diet-F,-3.139962912
961,9.72018E+11,Diet-S,-3.262496948
961,10669636038,Diet-R,-3.200096369
961,3.62191E+11,Diet-D,-3.219613791
961,3.94475E+11,Diet-I,-3.179021835
963,7.21276E+11,Diet-R,-3.118180752
963,6.49872E+11,Diet-I,-3.138973236
963,9.72018E+11,Diet-S,-3.261607647
963,10669636038,Diet-E,-3.199160337
963,3.62191E+11,Diet-R,-3.218622923
963,3.94475E+11,Diet-I,-3.178010702
969,7.21276E+11,Diet-L,-3.119583845
969,6.49872E+11,Diet-H,-3.140377045
969,9.72018E+11,Diet-K,-3.262898922
969,10669636038,Diet-M,-3.200481415
969,3.62191E+11,Diet-C,-3.219911337
969,3.94475E+11,Diet-J,-3.179390192
971,7.21276E+11,Diet-G,-3.118928909
971,6.49872E+11,Diet-B,-3.139711618
971,9.72018E+11,Diet-K,-3.262312174
971,10669636038,Diet-Q,-3.199841499
971,3.62191E+11,Diet-S,-3.219339609
971,3.94475E+11,Diet-R,-3.178691149
972,7.21276E+11,Diet-L,-3.11929965
972,6.49872E+11,Diet-H,-3.140136957
972,9.72018E+11,Diet-A,-3.262690306
972,10669636038,Diet-M,-3.200242996
972,3.62191E+11,Diet-F,-3.219718695
972,3.94475E+11,Diet-A,-3.179130793
973,7.21276E+11,Diet-L,-3.119989157
973,6.49872E+11,Diet-I,-3.140773058
973,9.72018E+11,Diet-B,-3.26325655
973,10669636038,Diet-G,-3.200864315
973,3.62191E+11,Diet-F,-3.220328808
973,3.94475E+11,Diet-N,-3.179800749
974,7.21276E+11,Diet-M,-3.118951559
974,6.49872E+11,Diet-P,-3.139757633
974,9.72018E+11,Diet-C,-3.262278557
974,10669636038,Diet-F,-3.199856043
974,3.62191E+11,Diet-I,-3.219326735
974,3.94475E+11,Diet-C,-3.178738594
975,7.21276E+11,Diet-N,-3.11875844
975,6.49872E+11,Diet-L,-3.139520407
975,9.72018E+11,Diet-J,-3.262112856
975,10669636038,Diet-E,-3.19968152
975,3.62191E+11,Diet-J,-3.219133377
975,3.94475E+11,Diet-B,-3.178580284
977,9.87544E+11,Diet-G,-1.649055123
977,2.42391E+11,Diet-K,-1.593974829
978,7.21276E+11,Diet-A,-3.120460033
978,6.49872E+11,Diet-G,-3.141132832
978,9.72018E+11,Diet-H,-3.263589621
978,10669636038,Diet-I,-3.201303005
978,3.62191E+11,Diet-I,-3.220729113
978,3.94475E+11,Diet-G,-3.180231094
981,7.21276E+11,Diet-B,-3.119453907
981,6.49872E+11,Diet-G,-3.140238762
981,9.72018E+11,Diet-L,-3.262727976
981,10669636038,Diet-J,-3.200343609
981,3.62191E+11,Diet-E,-3.219757795
981,3.94475E+11,Diet-R,-3.179255724
985,9.87544E+11,Diet-R,-1.648397326
985,2.42391E+11,Diet-L,-1.593323946
988,7.21276E+11,Diet-N,-3.119873524
988,6.49872E+11,Diet-S,-3.140646458
988,9.72018E+11,Diet-D,-3.263139963
988,10669636038,Diet-L,-3.20076561
988,3.62191E+11,Diet-S,-3.22023797
988,3.94475E+11,Diet-M,-3.179676771
994,7.21276E+11,Diet-S,-3.120314121
994,6.49872E+11,Diet-P,-3.141066074
994,9.72018E+11,Diet-Q,-3.263550997
994,10669636038,Diet-F,-3.201130867
994,3.62191E+11,Diet-E,-3.220670938
994,3.94475E+11,Diet-N,-3.180130243
995,7.21276E+11,Diet-C,-3.119362354
995,6.49872E+11,Diet-B,-3.140067577
995,9.72018E+11,Diet-F,-3.262647152
995,10669636038,Diet-D,-3.2002635
995,3.62191E+11,Diet-P,-3.219700098
995,3.94475E+11,Diet-N,-3.179118395
998,7.21276E+11,Diet-H,-3.118966579
998,6.49872E+11,Diet-Q,-3.139671564
998,9.72018E+11,Diet-G,-3.262242794
998,10669636038,Diet-R,-3.199798346
998,3.62191E+11,Diet-L,-3.21928978
998,3.94475E+11,Diet-Q,-3.178706646
1000,7.21276E+11,Diet-P,-3.119898081
1000,6.49872E+11,Diet-B,-3.140606642
1000,9.72018E+11,Diet-L,-3.263110638
1000,10669636038,Diet-I,-3.200750351
1000,3.62191E+11,Diet-Q,-3.220191717
1000,3.94475E+11,Diet-I,-3.179680109
