UserId,ProdID,ProdName,Rating
2,3.59E+11,Vegan-F,-3.130452156
2,8.89E+11,Vegan-R,-3.100885391
2,4.46E+11,Vegan-B,-3.146401167
2,2.45E+11,Vegan-L,-3.063432455
2,57986425273,Vegan-L,-3.124747992
2,1.31E+11,Vegan-F,-3.166563749
4,6.49E+11,Vegan-F,0.017747575
5,3.59E+11,Vegan-H,-3.129139185
5,8.89E+11,Vegan-G,-3.099573612
5,4.46E+11,Vegan-R,-3.145069361
5,2.45E+11,Vegan-A,-3.062090874
5,57986425273,Vegan-A,-3.123441219
5,1.31E+11,Vegan-M,-3.165356398
9,5.75E+11,Vegan-B,-1.863342762
9,2.69E+11,Vegan-J,-1.879952908
12,3.59E+11,Vegan-R,-3.129084349
12,8.89E+11,Vegan-D,-3.099515915
12,4.46E+11,Vegan-R,-3.14504981
12,2.45E+11,Vegan-M,-3.062084436
12,57986425273,Vegan-Q,-3.123443127
12,1.31E+11,Vegan-J,-3.165296316
13,3.59E+11,Vegan-J,-3.129895687
13,8.89E+11,Vegan-P,-3.100287676
13,4.46E+11,Vegan-H,-3.145790339
13,2.45E+11,Vegan-G,-3.06285429
13,57986425273,Vegan-L,-3.124185085
13,1.31E+11,Vegan-P,-3.166075706
14,3.59E+11,Vegan-O,-3.130606174
14,8.89E+11,Vegan-M,-3.100931883
14,4.46E+11,Vegan-S,-3.146420002
14,2.45E+11,Vegan-K,-3.063533783
14,57986425273,Vegan-M,-3.12486577
14,1.31E+11,Vegan-O,-3.166701555
15,5.75E+11,Vegan-F,-1.888685465
15,2.69E+11,Vegan-D,-1.905550599
18,5.75E+11,Vegan-O,-1.878652453
18,2.69E+11,Vegan-P,-1.895356059
20,5.75E+11,Vegan-G,-1.891688704
20,2.69E+11,Vegan-I,-1.908661723
22,3.59E+11,Vegan-O,-3.12960124
22,8.89E+11,Vegan-H,-3.100029707
22,4.46E+11,Vegan-M,-3.145466328
22,2.45E+11,Vegan-Q,-3.062579632
22,57986425273,Vegan-I,-3.123939753
22,1.31E+11,Vegan-L,-3.165765047
24,3.59E+11,Vegan-A,-3.130841732
24,8.89E+11,Vegan-F,-3.101219893
24,4.46E+11,Vegan-N,-3.146672964
24,2.45E+11,Vegan-I,-3.063886881
24,57986425273,Vegan-N,-3.125144243
24,1.31E+11,Vegan-O,-3.166938066
28,3.59E+11,Vegan-Q,-3.128896236
28,8.89E+11,Vegan-E,-3.099277258
28,4.46E+11,Vegan-F,-3.1448071
28,2.45E+11,Vegan-N,-3.061842918
28,57986425273,Vegan-H,-3.123200178
28,1.31E+11,Vegan-D,-3.165053844
29,5.75E+11,Vegan-D,-1.895156741
29,2.69E+11,Vegan-S,-1.912087083
31,5.75E+11,Vegan-O,-1.881690145
31,2.69E+11,Vegan-J,-1.898592472
32,3.59E+11,Vegan-R,-3.12891674
32,8.89E+11,Vegan-H,-3.099337578
32,4.46E+11,Vegan-E,-3.144800425
32,2.45E+11,Vegan-I,-3.06183815
32,57986425273,Vegan-N,-3.123243093
32,1.31E+11,Vegan-C,-3.165056944
33,3.59E+11,Vegan-I,-3.130456924
33,8.89E+11,Vegan-N,-3.100872517
33,4.46E+11,Vegan-G,-3.14629221
33,2.45E+11,Vegan-N,-3.063372612
33,57986425273,Vegan-N,-3.124685049
33,1.31E+11,Vegan-M,-3.166553497
35,3.59E+11,Vegan-D,-3.130898476
35,8.89E+11,Vegan-Q,-3.101349115
35,4.46E+11,Vegan-I,-3.146810293
35,2.45E+11,Vegan-O,-3.063968658
35,57986425273,Vegan-J,-3.125222206
35,1.31E+11,Vegan-P,-3.167005539
38,3.59E+11,Vegan-I,-3.127112865
38,8.89E+11,Vegan-I,-3.097463608
38,4.46E+11,Vegan-J,-3.14297843
38,2.45E+11,Vegan-B,-3.059985161
38,57986425273,Vegan-B,-3.121430635
38,1.31E+11,Vegan-F,-3.163376093
39,3.59E+11,Vegan-C,-3.12863946
39,8.89E+11,Vegan-K,-3.09897542
39,4.46E+11,Vegan-P,-3.144486666
39,2.45E+11,Vegan-R,-3.061568499
39,57986425273,Vegan-P,-3.122910261
39,1.31E+11,Vegan-L,-3.164834499
40,3.59E+11,Vegan-D,-3.12947154
40,8.89E+11,Vegan-N,-3.099885941
40,4.46E+11,Vegan-E,-3.145361423
40,2.45E+11,Vegan-B,-3.062448263
40,57986425273,Vegan-Q,-3.123746395
40,1.31E+11,Vegan-E,-3.165602446
41,3.59E+11,Vegan-F,-3.129766703
41,8.89E+11,Vegan-P,-3.100126982
41,4.46E+11,Vegan-S,-3.145621538
41,2.45E+11,Vegan-C,-3.062722445
41,57986425273,Vegan-C,-3.124052525
41,1.31E+11,Vegan-N,-3.165914536
44,3.59E+11,Vegan-I,-3.130617619
44,8.89E+11,Vegan-C,-3.100981236
44,4.46E+11,Vegan-N,-3.146443844
44,2.45E+11,Vegan-A,-3.063575745
44,57986425273,Vegan-K,-3.124843597
44,1.31E+11,Vegan-K,-3.166736126
46,3.59E+11,Vegan-P,-3.129412889
46,8.89E+11,Vegan-L,-3.099813938
46,4.46E+11,Vegan-S,-3.145325184
46,2.45E+11,Vegan-I,-3.062365055
46,57986425273,Vegan-D,-3.123679638
46,1.31E+11,Vegan-D,-3.165535688
50,3.59E+11,Vegan-G,-3.132134199
50,8.89E+11,Vegan-K,-3.102604628
50,4.46E+11,Vegan-Q,-3.148025274
50,2.45E+11,Vegan-D,-3.065188646
50,57986425273,Vegan-J,-3.126413584
50,1.31E+11,Vegan-P,-3.168230057
53,6.49E+11,Vegan-O,0.017506838
54,3.59E+11,Vegan-R,-3.12878418
54,8.89E+11,Vegan-A,-3.09919405
54,4.46E+11,Vegan-L,-3.144696712
54,2.45E+11,Vegan-N,-3.061680317
54,57986425273,Vegan-D,-3.123081923
54,1.31E+11,Vegan-D,-3.164950132
57,3.59E+11,Vegan-S,-3.129129648
57,8.89E+11,Vegan-F,-3.099535227
57,4.46E+11,Vegan-B,-3.145036697
57,2.45E+11,Vegan-F,-3.062066078
57,57986425273,Vegan-A,-3.123436213
57,1.31E+11,Vegan-I,-3.165274143
60,3.59E+11,Vegan-E,-3.130095005
60,8.89E+11,Vegan-J,-3.100553751
60,4.46E+11,Vegan-C,-3.146037817
60,2.45E+11,Vegan-S,-3.063114882
60,57986425273,Vegan-D,-3.124371529
60,1.31E+11,Vegan-D,-3.166300774
62,3.59E+11,Vegan-O,-3.130952835
62,8.89E+11,Vegan-I,-3.101377249
62,4.46E+11,Vegan-I,-3.146862745
62,2.45E+11,Vegan-H,-3.063958168
62,57986425273,Vegan-H,-3.125255108
62,1.31E+11,Vegan-P,-3.167087317
67,3.59E+11,Vegan-P,-3.129687548
67,8.89E+11,Vegan-Q,-3.100029945
67,4.46E+11,Vegan-J,-3.145552635
67,2.45E+11,Vegan-O,-3.062656879
67,57986425273,Vegan-O,-3.12393117
67,1.31E+11,Vegan-J,-3.165767193
68,3.59E+11,Vegan-S,-3.13069272
68,8.89E+11,Vegan-R,-3.101127148
68,4.46E+11,Vegan-P,-3.146554708
68,2.45E+11,Vegan-R,-3.063726425
68,57986425273,Vegan-R,-3.124995947
68,1.31E+11,Vegan-M,-3.166840315
74,3.59E+11,Vegan-D,-3.129218817
74,8.89E+11,Vegan-I,-3.099576712
74,4.46E+11,Vegan-O,-3.145101547
74,2.45E+11,Vegan-E,-3.062145233
74,57986425273,Vegan-K,-3.123530865
74,1.31E+11,Vegan-L,-3.165331841
77,3.59E+11,Vegan-J,-3.130004883
77,8.89E+11,Vegan-M,-3.100425243
77,4.46E+11,Vegan-L,-3.145884037
77,2.45E+11,Vegan-C,-3.063012123
77,57986425273,Vegan-E,-3.12430954
77,1.31E+11,Vegan-J,-3.166106701
79,6.49E+11,Vegan-A,0.017725028
81,3.59E+11,Vegan-H,-3.129863739
81,8.89E+11,Vegan-F,-3.100239038
81,4.46E+11,Vegan-N,-3.145750761
81,2.45E+11,Vegan-C,-3.062826395
81,57986425273,Vegan-S,-3.124132156
81,1.31E+11,Vegan-C,-3.16600275
82,3.59E+11,Vegan-R,-3.129498482
82,8.89E+11,Vegan-E,-3.099898577
82,4.46E+11,Vegan-G,-3.145437002
82,2.45E+11,Vegan-S,-3.062431574
82,57986425273,Vegan-F,-3.123768091
82,1.31E+11,Vegan-O,-3.165630817
83,3.59E+11,Vegan-A,-3.128878832
83,8.89E+11,Vegan-D,-3.099294901
83,4.46E+11,Vegan-I,-3.144803047
83,2.45E+11,Vegan-E,-3.061821938
83,57986425273,Vegan-I,-3.123190641
83,1.31E+11,Vegan-L,-3.165078402
85,3.59E+11,Vegan-S,-3.129722357
85,8.89E+11,Vegan-M,-3.100100994
85,4.46E+11,Vegan-G,-3.145573854
85,2.45E+11,Vegan-Q,-3.062622786
85,57986425273,Vegan-F,-3.124005556
85,1.31E+11,Vegan-M,-3.165855408
86,3.59E+11,Vegan-L,-3.130277395
86,8.89E+11,Vegan-Q,-3.100696802
86,4.46E+11,Vegan-L,-3.146210194
86,2.45E+11,Vegan-K,-3.063279152
86,57986425273,Vegan-Q,-3.124650955
86,1.31E+11,Vegan-N,-3.166444778
87,3.59E+11,Vegan-Q,-3.128590822
87,8.89E+11,Vegan-M,-3.098965645
87,4.46E+11,Vegan-S,-3.144508362
87,2.45E+11,Vegan-F,-3.061541796
87,57986425273,Vegan-R,-3.122891188
87,1.31E+11,Vegan-L,-3.164805174
89,5.75E+11,Vegan-C,-1.857737184
89,2.69E+11,Vegan-A,-1.874334931
92,5.75E+11,Vegan-A,-1.889835835
92,2.69E+11,Vegan-L,-1.906715989
94,3.59E+11,Vegan-G,-3.130323887
94,8.89E+11,Vegan-L,-3.100688934
94,4.46E+11,Vegan-J,-3.146203279
94,2.45E+11,Vegan-M,-3.063313246
94,57986425273,Vegan-P,-3.124580622
94,1.31E+11,Vegan-Q,-3.1664536
95,3.59E+11,Vegan-E,-3.12968874
95,8.89E+11,Vegan-S,-3.100140095
95,4.46E+11,Vegan-N,-3.14558959
95,2.45E+11,Vegan-B,-3.062699318
95,57986425273,Vegan-M,-3.123973846
95,1.31E+11,Vegan-Q,-3.165869951
96,3.59E+11,Vegan-D,-3.129959583
96,8.89E+11,Vegan-L,-3.100386143
96,4.46E+11,Vegan-F,-3.145839453
96,2.45E+11,Vegan-N,-3.062964201
96,57986425273,Vegan-N,-3.124307632
96,1.31E+11,Vegan-G,-3.16606617
101,3.59E+11,Vegan-P,-3.131191492
101,8.89E+11,Vegan-F,-3.101638556
101,4.46E+11,Vegan-O,-3.147058249
101,2.45E+11,Vegan-S,-3.06418848
101,57986425273,Vegan-P,-3.125529289
101,1.31E+11,Vegan-S,-3.167285681
104,3.59E+11,Vegan-S,-3.131036758
104,8.89E+11,Vegan-G,-3.101516962
104,4.46E+11,Vegan-G,-3.146909237
104,2.45E+11,Vegan-J,-3.06411624
104,57986425273,Vegan-J,-3.125387192
104,1.31E+11,Vegan-K,-3.16713047
105,5.75E+11,Vegan-R,-1.872665882
105,2.69E+11,Vegan-D,-1.889444232
107,3.59E+11,Vegan-D,-3.129301786
107,8.89E+11,Vegan-G,-3.099700212
107,4.46E+11,Vegan-D,-3.145185709
107,2.45E+11,Vegan-I,-3.062282801
107,57986425273,Vegan-J,-3.123640299
107,1.31E+11,Vegan-O,-3.165441036
113,3.59E+11,Vegan-O,-3.129637003
113,8.89E+11,Vegan-L,-3.100035429
113,4.46E+11,Vegan-N,-3.145497799
113,2.45E+11,Vegan-I,-3.062572479
113,57986425273,Vegan-C,-3.123958349
113,1.31E+11,Vegan-N,-3.165711164
115,3.59E+11,Vegan-D,-3.131624222
115,8.89E+11,Vegan-P,-3.102066517
115,4.46E+11,Vegan-E,-3.147486448
115,2.45E+11,Vegan-L,-3.064706564
115,57986425273,Vegan-F,-3.125920057
115,1.31E+11,Vegan-P,-3.167709112
117,3.59E+11,Vegan-A,-3.131407976
117,8.89E+11,Vegan-N,-3.10184145
117,4.46E+11,Vegan-A,-3.147315741
117,2.45E+11,Vegan-S,-3.064480305
117,57986425273,Vegan-J,-3.125759125
117,1.31E+11,Vegan-M,-3.167484999
118,3.59E+11,Vegan-H,-3.127804041
118,8.89E+11,Vegan-B,-3.09824419
118,4.46E+11,Vegan-C,-3.143734455
118,2.45E+11,Vegan-K,-3.060720921
118,57986425273,Vegan-A,-3.122135878
118,1.31E+11,Vegan-B,-3.16403389
119,3.59E+11,Vegan-K,-3.129388571
119,8.89E+11,Vegan-B,-3.099819183
119,4.46E+11,Vegan-F,-3.145284891
119,2.45E+11,Vegan-G,-3.062408209
119,57986425273,Vegan-J,-3.123719692
119,1.31E+11,Vegan-Q,-3.165562391
122,5.75E+11,Vegan-K,-1.887656093
122,2.69E+11,Vegan-M,-1.904540539
128,3.59E+11,Vegan-J,-3.12996316
128,8.89E+11,Vegan-I,-3.100337029
128,4.46E+11,Vegan-N,-3.145778894
128,2.45E+11,Vegan-D,-3.062919855
128,57986425273,Vegan-C,-3.124256849
128,1.31E+11,Vegan-B,-3.166058064
132,3.59E+11,Vegan-I,-3.129802942
132,8.89E+11,Vegan-A,-3.100198746
132,4.46E+11,Vegan-I,-3.145671129
132,2.45E+11,Vegan-E,-3.062781811
132,57986425273,Vegan-F,-3.124122143
132,1.31E+11,Vegan-R,-3.165952444
133,3.59E+11,Vegan-I,-3.134519339
133,8.89E+11,Vegan-D,-3.104923964
133,4.46E+11,Vegan-H,-3.150310516
133,2.45E+11,Vegan-H,-3.067569017
133,57986425273,Vegan-E,-3.128704786
133,1.31E+11,Vegan-A,-3.170377731
135,6.49E+11,Vegan-P,0.01770198
139,3.59E+11,Vegan-B,-3.13223815
139,8.89E+11,Vegan-A,-3.102683067
139,4.46E+11,Vegan-C,-3.148130894
139,2.45E+11,Vegan-G,-3.065351009
139,57986425273,Vegan-I,-3.126594782
139,1.31E+11,Vegan-I,-3.168299198
142,3.59E+11,Vegan-P,-3.129888773
142,8.89E+11,Vegan-L,-3.100295305
142,4.46E+11,Vegan-D,-3.145798445
142,2.45E+11,Vegan-A,-3.062867641
142,57986425273,Vegan-J,-3.124222279
142,1.31E+11,Vegan-P,-3.16609478
147,3.59E+11,Vegan-D,-3.130013227
147,8.89E+11,Vegan-R,-3.100353956
147,4.46E+11,Vegan-O,-3.145844936
147,2.45E+11,Vegan-G,-3.062968016
147,57986425273,Vegan-S,-3.124318838
147,1.31E+11,Vegan-D,-3.166082621
149,5.75E+11,Vegan-B,-1.90025878
149,2.69E+11,Vegan-G,-1.917218804
150,3.59E+11,Vegan-C,-3.128915787
150,8.89E+11,Vegan-S,-3.099388361
150,4.46E+11,Vegan-M,-3.144859552
150,2.45E+11,Vegan-J,-3.061876059
150,57986425273,Vegan-I,-3.123258352
150,1.31E+11,Vegan-G,-3.165135145
153,3.59E+11,Vegan-D,-3.129394531
153,8.89E+11,Vegan-A,-3.099791288
153,4.46E+11,Vegan-O,-3.145281076
153,2.45E+11,Vegan-P,-3.062283278
153,57986425273,Vegan-G,-3.12369895
153,1.31E+11,Vegan-F,-3.165527105
154,3.59E+11,Vegan-L,-3.129111052
154,8.89E+11,Vegan-L,-3.099513292
154,4.46E+11,Vegan-F,-3.144987822
154,2.45E+11,Vegan-O,-3.062059641
154,57986425273,Vegan-J,-3.12344408
154,1.31E+11,Vegan-G,-3.16522336
163,3.59E+11,Vegan-S,-3.130382061
163,8.89E+11,Vegan-E,-3.10081625
163,4.46E+11,Vegan-K,-3.146246433
163,2.45E+11,Vegan-D,-3.063381672
163,57986425273,Vegan-P,-3.12473774
163,1.31E+11,Vegan-D,-3.16651988
171,3.59E+11,Vegan-K,-3.131472111
171,8.89E+11,Vegan-D,-3.101889133
171,4.46E+11,Vegan-S,-3.147330523
171,2.45E+11,Vegan-B,-3.06452775
171,57986425273,Vegan-S,-3.125765562
171,1.31E+11,Vegan-D,-3.167551994
174,3.59E+11,Vegan-P,-3.132114887
174,8.89E+11,Vegan-H,-3.102506876
174,4.46E+11,Vegan-I,-3.14789629
174,2.45E+11,Vegan-F,-3.065118551
174,57986425273,Vegan-S,-3.126358509
174,1.31E+11,Vegan-P,-3.168174028
176,3.59E+11,Vegan-J,-3.130834341
176,8.89E+11,Vegan-P,-3.101186752
176,4.46E+11,Vegan-Q,-3.14669776
176,2.45E+11,Vegan-B,-3.063827753
176,57986425273,Vegan-O,-3.125134945
176,1.31E+11,Vegan-I,-3.166900396
177,3.59E+11,Vegan-A,-3.129909277
177,8.89E+11,Vegan-K,-3.100353956
177,4.46E+11,Vegan-H,-3.145895481
177,2.45E+11,Vegan-N,-3.062964201
177,57986425273,Vegan-F,-3.124272823
177,1.31E+11,Vegan-D,-3.166132689
178,3.59E+11,Vegan-F,-3.131110907
178,8.89E+11,Vegan-E,-3.101512432
178,4.46E+11,Vegan-H,-3.146942139
178,2.45E+11,Vegan-O,-3.064137936
178,57986425273,Vegan-G,-3.125396729
178,1.31E+11,Vegan-E,-3.167225361
179,3.59E+11,Vegan-E,-3.131633282
179,8.89E+11,Vegan-M,-3.102086067
179,4.46E+11,Vegan-K,-3.147470951
179,2.45E+11,Vegan-R,-3.064636946
179,57986425273,Vegan-S,-3.12592864
179,1.31E+11,Vegan-S,-3.167674065
180,3.59E+11,Vegan-L,-3.129055738
180,8.89E+11,Vegan-Q,-3.099503517
180,4.46E+11,Vegan-R,-3.144976377
180,2.45E+11,Vegan-H,-3.061999798
180,57986425273,Vegan-J,-3.123374462
180,1.31E+11,Vegan-J,-3.165223122
181,3.59E+11,Vegan-S,-3.129509449
181,8.89E+11,Vegan-A,-3.099886417
181,4.46E+11,Vegan-Q,-3.145344496
181,2.45E+11,Vegan-O,-3.062479496
181,57986425273,Vegan-P,-3.123813152
181,1.31E+11,Vegan-N,-3.165664911
182,3.59E+11,Vegan-B,-3.128286839
182,8.89E+11,Vegan-R,-3.098648787
182,4.46E+11,Vegan-Q,-3.144187212
182,2.45E+11,Vegan-I,-3.06131053
182,57986425273,Vegan-S,-3.122555256
182,1.31E+11,Vegan-S,-3.164495707
184,3.59E+11,Vegan-S,-3.130421877
184,8.89E+11,Vegan-G,-3.100814581
184,4.46E+11,Vegan-D,-3.14625597
184,2.45E+11,Vegan-L,-3.063409805
184,57986425273,Vegan-F,-3.124709129
184,1.31E+11,Vegan-L,-3.166533232
188,3.59E+11,Vegan-J,-3.129930496
188,8.89E+11,Vegan-K,-3.100325108
188,4.46E+11,Vegan-D,-3.145786762
188,2.45E+11,Vegan-M,-3.06289196
188,57986425273,Vegan-M,-3.124236345
188,1.31E+11,Vegan-A,-3.166051865
189,5.75E+11,Vegan-R,-1.876055717
189,2.69E+11,Vegan-E,-1.892876863
192,5.75E+11,Vegan-J,-1.880402446
192,2.69E+11,Vegan-G,-1.897221446
195,5.75E+11,Vegan-G,-1.881249189
195,2.69E+11,Vegan-H,-1.898200512
199,3.59E+11,Vegan-D,-3.131778955
199,8.89E+11,Vegan-L,-3.102232695
199,4.46E+11,Vegan-J,-3.14763689
199,2.45E+11,Vegan-O,-3.064815998
199,57986425273,Vegan-A,-3.126084805
199,1.31E+11,Vegan-F,-3.167819262
202,3.59E+11,Vegan-G,-3.129284859
202,8.89E+11,Vegan-G,-3.099718809
202,4.46E+11,Vegan-K,-3.145153284
202,2.45E+11,Vegan-I,-3.062168121
202,57986425273,Vegan-K,-3.123593807
202,1.31E+11,Vegan-M,-3.165426731
203,5.75E+11,Vegan-I,-1.867430568
203,2.69E+11,Vegan-C,-1.884124279
204,3.59E+11,Vegan-M,-3.131799698
204,8.89E+11,Vegan-O,-3.102271557
204,4.46E+11,Vegan-C,-3.147633791
204,2.45E+11,Vegan-M,-3.064834356
204,57986425273,Vegan-N,-3.126074314
204,1.31E+11,Vegan-C,-3.167844296
205,3.59E+11,Vegan-P,-3.130241156
205,8.89E+11,Vegan-L,-3.100655794
205,4.46E+11,Vegan-K,-3.146128178
205,2.45E+11,Vegan-I,-3.063233852
205,57986425273,Vegan-E,-3.124558687
205,1.31E+11,Vegan-S,-3.166408539
211,5.75E+11,Vegan-E,-1.879538774
211,2.69E+11,Vegan-J,-1.896410346
213,3.59E+11,Vegan-D,-3.130032778
213,8.89E+11,Vegan-O,-3.100409269
213,4.46E+11,Vegan-I,-3.145965576
213,2.45E+11,Vegan-O,-3.062992573
213,57986425273,Vegan-R,-3.12433362
213,1.31E+11,Vegan-C,-3.16613555
215,3.59E+11,Vegan-J,-3.130798101
215,8.89E+11,Vegan-I,-3.101207972
215,4.46E+11,Vegan-P,-3.146692753
215,2.45E+11,Vegan-M,-3.063803673
215,57986425273,Vegan-O,-3.125088692
215,1.31E+11,Vegan-I,-3.166908264
216,3.59E+11,Vegan-B,-3.128979683
216,8.89E+11,Vegan-H,-3.099364996
216,4.46E+11,Vegan-L,-3.144885063
216,2.45E+11,Vegan-M,-3.061928511
216,57986425273,Vegan-S,-3.123312235
216,1.31E+11,Vegan-H,-3.165193319
218,3.59E+11,Vegan-Q,-3.130727291
218,8.89E+11,Vegan-A,-3.101148844
218,4.46E+11,Vegan-P,-3.146589518
218,2.45E+11,Vegan-Q,-3.063711882
218,57986425273,Vegan-B,-3.125059843
218,1.31E+11,Vegan-H,-3.166842937
220,6.49E+11,Vegan-O,0.017801043
222,3.59E+11,Vegan-A,-3.130404949
222,8.89E+11,Vegan-Q,-3.100810528
222,4.46E+11,Vegan-P,-3.146242619
222,2.45E+11,Vegan-I,-3.06332612
222,57986425273,Vegan-L,-3.124635935
222,1.31E+11,Vegan-H,-3.166451931
223,3.59E+11,Vegan-H,-3.130037785
223,8.89E+11,Vegan-F,-3.100497484
223,4.46E+11,Vegan-A,-3.14592433
223,2.45E+11,Vegan-F,-3.063049793
223,57986425273,Vegan-O,-3.124378204
223,1.31E+11,Vegan-D,-3.166220903
224,3.59E+11,Vegan-J,-3.130841494
224,8.89E+11,Vegan-K,-3.101207495
224,4.46E+11,Vegan-C,-3.146726608
224,2.45E+11,Vegan-F,-3.063817501
224,57986425273,Vegan-C,-3.125097752
224,1.31E+11,Vegan-S,-3.166953564
225,3.59E+11,Vegan-F,-3.128899097
225,8.89E+11,Vegan-R,-3.099336386
225,4.46E+11,Vegan-J,-3.14481926
225,2.45E+11,Vegan-O,-3.061900616
225,57986425273,Vegan-S,-3.123256445
225,1.31E+11,Vegan-K,-3.165105104
230,5.75E+11,Vegan-S,-1.898023844
230,2.69E+11,Vegan-L,-1.914936781
232,6.49E+11,Vegan-L,0.017596437
236,3.59E+11,Vegan-B,-3.131658554
236,8.89E+11,Vegan-D,-3.102038622
236,4.46E+11,Vegan-S,-3.147516966
236,2.45E+11,Vegan-Q,-3.064674616
236,57986425273,Vegan-H,-3.125916481
236,1.31E+11,Vegan-R,-3.167702675
237,3.59E+11,Vegan-G,-3.131856918
237,8.89E+11,Vegan-G,-3.102214813
237,4.46E+11,Vegan-N,-3.14765501
237,2.45E+11,Vegan-S,-3.064803362
237,57986425273,Vegan-S,-3.126143217
237,1.31E+11,Vegan-K,-3.167878389
241,5.75E+11,Vegan-Q,-1.869601607
241,2.69E+11,Vegan-A,-1.886330843
242,3.59E+11,Vegan-G,-3.129508257
242,8.89E+11,Vegan-G,-3.099919081
242,4.46E+11,Vegan-C,-3.145351648
242,2.45E+11,Vegan-S,-3.062453747
242,57986425273,Vegan-C,-3.12381649
242,1.31E+11,Vegan-A,-3.165643692
252,5.75E+11,Vegan-A,-1.90282023
252,2.69E+11,Vegan-S,-1.919859409
254,3.59E+11,Vegan-L,-3.131034613
254,8.89E+11,Vegan-M,-3.10147047
254,4.46E+11,Vegan-G,-3.146789551
254,2.45E+11,Vegan-K,-3.06396842
254,57986425273,Vegan-P,-3.125300646
254,1.31E+11,Vegan-E,-3.167111158
261,3.59E+11,Vegan-F,-3.130531311
261,8.89E+11,Vegan-Q,-3.100956917
261,4.46E+11,Vegan-C,-3.146376848
261,2.45E+11,Vegan-N,-3.063534737
261,57986425273,Vegan-D,-3.124851942
261,1.31E+11,Vegan-G,-3.166674376
262,3.59E+11,Vegan-F,-3.131933928
262,8.89E+11,Vegan-O,-3.102329254
262,4.46E+11,Vegan-S,-3.147838354
262,2.45E+11,Vegan-F,-3.064963818
262,57986425273,Vegan-N,-3.126204491
262,1.31E+11,Vegan-C,-3.168027878
263,3.59E+11,Vegan-J,-3.129794121
263,8.89E+11,Vegan-I,-3.100134611
263,4.46E+11,Vegan-B,-3.145599842
263,2.45E+11,Vegan-O,-3.062747478
263,57986425273,Vegan-A,-3.124002695
263,1.31E+11,Vegan-N,-3.165893316
265,3.59E+11,Vegan-M,-3.129212141
265,8.89E+11,Vegan-M,-3.099623442
265,4.46E+11,Vegan-N,-3.145089149
265,2.45E+11,Vegan-J,-3.062268019
265,57986425273,Vegan-H,-3.123586655
265,1.31E+11,Vegan-O,-3.165418625
267,3.59E+11,Vegan-G,-3.129328251
267,8.89E+11,Vegan-P,-3.099685431
267,4.46E+11,Vegan-R,-3.145187855
267,2.45E+11,Vegan-I,-3.062237024
267,57986425273,Vegan-K,-3.123589754
267,1.31E+11,Vegan-A,-3.165447474
270,3.59E+11,Vegan-R,-3.130475998
270,8.89E+11,Vegan-R,-3.100888968
270,4.46E+11,Vegan-F,-3.146374702
270,2.45E+11,Vegan-K,-3.06349349
270,57986425273,Vegan-M,-3.124773979
270,1.31E+11,Vegan-O,-3.166655064
273,3.59E+11,Vegan-R,-3.131477594
273,8.89E+11,Vegan-D,-3.101916552
273,4.46E+11,Vegan-D,-3.147316933
273,2.45E+11,Vegan-D,-3.064467192
273,57986425273,Vegan-B,-3.125799179
273,1.31E+11,Vegan-E,-3.167482853
276,3.59E+11,Vegan-N,-3.132057428
276,8.89E+11,Vegan-P,-3.102492332
276,4.46E+11,Vegan-M,-3.147940636
276,2.45E+11,Vegan-D,-3.065094948
276,57986425273,Vegan-G,-3.126358032
276,1.31E+11,Vegan-G,-3.168130398
277,3.59E+11,Vegan-R,-3.129865646
277,8.89E+11,Vegan-P,-3.100206137
277,4.46E+11,Vegan-A,-3.145723581
277,2.45E+11,Vegan-A,-3.062771559
277,57986425273,Vegan-Q,-3.12412405
277,1.31E+11,Vegan-J,-3.166002274
278,3.59E+11,Vegan-E,-3.129850626
278,8.89E+11,Vegan-I,-3.100277901
278,4.46E+11,Vegan-H,-3.145754337
278,2.45E+11,Vegan-I,-3.062834024
278,57986425273,Vegan-S,-3.124198675
278,1.31E+11,Vegan-A,-3.165957928
279,3.59E+11,Vegan-F,-3.130661726
279,8.89E+11,Vegan-O,-3.101110935
279,4.46E+11,Vegan-O,-3.14658618
279,2.45E+11,Vegan-H,-3.063678026
279,57986425273,Vegan-A,-3.124994993
279,1.31E+11,Vegan-H,-3.16681242
285,3.59E+11,Vegan-E,-3.129816771
285,8.89E+11,Vegan-H,-3.100209713
285,4.46E+11,Vegan-F,-3.145753622
285,2.45E+11,Vegan-A,-3.062788963
285,57986425273,Vegan-N,-3.124159336
285,1.31E+11,Vegan-M,-3.166017294
287,3.59E+11,Vegan-G,-3.131261826
287,8.89E+11,Vegan-C,-3.101672173
287,4.46E+11,Vegan-L,-3.147171736
287,2.45E+11,Vegan-K,-3.064291239
287,57986425273,Vegan-J,-3.125581741
287,1.31E+11,Vegan-R,-3.167340517
289,3.59E+11,Vegan-E,-3.130474806
289,8.89E+11,Vegan-G,-3.100892067
289,4.46E+11,Vegan-N,-3.146314144
289,2.45E+11,Vegan-I,-3.063379765
289,57986425273,Vegan-F,-3.124749184
289,1.31E+11,Vegan-G,-3.166614056
290,3.59E+11,Vegan-K,-3.129350424
290,8.89E+11,Vegan-E,-3.09980154
290,4.46E+11,Vegan-G,-3.145256042
290,2.45E+11,Vegan-I,-3.062344313
290,57986425273,Vegan-L,-3.123701811
290,1.31E+11,Vegan-H,-3.165497541
293,3.59E+11,Vegan-Q,-3.129948139
293,8.89E+11,Vegan-D,-3.100359201
293,4.46E+11,Vegan-J,-3.14581418
293,2.45E+11,Vegan-C,-3.062976599
293,57986425273,Vegan-L,-3.124272585
293,1.31E+11,Vegan-O,-3.166092396
294,3.59E+11,Vegan-N,-3.130170584
294,8.89E+11,Vegan-H,-3.100555897
294,4.46E+11,Vegan-M,-3.146055698
294,2.45E+11,Vegan-M,-3.063148022
294,57986425273,Vegan-O,-3.124458551
294,1.31E+11,Vegan-R,-3.166280985
296,3.59E+11,Vegan-P,-3.130232811
296,8.89E+11,Vegan-L,-3.100643396
296,4.46E+11,Vegan-G,-3.146105528
296,2.45E+11,Vegan-A,-3.063271046
296,57986425273,Vegan-C,-3.124515772
296,1.31E+11,Vegan-P,-3.1663239
297,3.59E+11,Vegan-L,-3.129665852
297,8.89E+11,Vegan-Q,-3.100073814
297,4.46E+11,Vegan-F,-3.145524263
297,2.45E+11,Vegan-K,-3.062628746
297,57986425273,Vegan-I,-3.123929739
297,1.31E+11,Vegan-C,-3.165763378
302,3.59E+11,Vegan-H,-3.131644964
302,8.89E+11,Vegan-M,-3.102022886
302,4.46E+11,Vegan-B,-3.147420645
302,2.45E+11,Vegan-S,-3.064625978
302,57986425273,Vegan-H,-3.125897169
302,1.31E+11,Vegan-C,-3.167654514
303,3.59E+11,Vegan-L,-3.130406141
303,8.89E+11,Vegan-N,-3.100810051
303,4.46E+11,Vegan-J,-3.146290302
303,2.45E+11,Vegan-P,-3.063388824
303,57986425273,Vegan-A,-3.124755621
303,1.31E+11,Vegan-I,-3.166497707
304,3.59E+11,Vegan-A,-3.132208347
304,8.89E+11,Vegan-D,-3.102636099
304,4.46E+11,Vegan-H,-3.148076534
304,2.45E+11,Vegan-C,-3.065271139
304,57986425273,Vegan-S,-3.126534939
304,1.31E+11,Vegan-Q,-3.16825366
306,3.59E+11,Vegan-B,-3.131775618
306,8.89E+11,Vegan-O,-3.102164268
306,4.46E+11,Vegan-N,-3.147616863
306,2.45E+11,Vegan-N,-3.064751863
306,57986425273,Vegan-J,-3.126023769
306,1.31E+11,Vegan-O,-3.167746782
309,3.59E+11,Vegan-I,-3.129144669
309,8.89E+11,Vegan-I,-3.09944272
309,4.46E+11,Vegan-A,-3.144991875
309,2.45E+11,Vegan-A,-3.062022686
309,57986425273,Vegan-J,-3.123397827
309,1.31E+11,Vegan-P,-3.165238142
310,3.59E+11,Vegan-G,-3.129558802
310,8.89E+11,Vegan-K,-3.100000143
310,4.46E+11,Vegan-B,-3.145480871
310,2.45E+11,Vegan-B,-3.062529564
310,57986425273,Vegan-P,-3.123886108
310,1.31E+11,Vegan-K,-3.16570735
315,3.59E+11,Vegan-P,-3.130640507
315,8.89E+11,Vegan-A,-3.101060152
315,4.46E+11,Vegan-P,-3.146555185
315,2.45E+11,Vegan-C,-3.06366992
315,57986425273,Vegan-J,-3.124937534
315,1.31E+11,Vegan-O,-3.166724682
318,5.75E+11,Vegan-L,-1.884329915
318,2.69E+11,Vegan-A,-1.901211381
319,3.59E+11,Vegan-J,-3.130220652
319,8.89E+11,Vegan-B,-3.100605011
319,4.46E+11,Vegan-S,-3.146088362
319,2.45E+11,Vegan-G,-3.063184738
319,57986425273,Vegan-J,-3.124533892
319,1.31E+11,Vegan-M,-3.166318417
320,3.59E+11,Vegan-H,-3.131018162
320,8.89E+11,Vegan-K,-3.101409197
320,4.46E+11,Vegan-M,-3.146812201
320,2.45E+11,Vegan-D,-3.064026117
320,57986425273,Vegan-L,-3.125233173
320,1.31E+11,Vegan-C,-3.167033434
322,5.75E+11,Vegan-F,-1.889291644
322,2.69E+11,Vegan-N,-1.906216264
328,5.75E+11,Vegan-Q,-1.86598289
328,2.69E+11,Vegan-R,-1.882620454
329,3.59E+11,Vegan-N,-3.129655123
329,8.89E+11,Vegan-J,-3.100095272
329,4.46E+11,Vegan-C,-3.145570755
329,2.45E+11,Vegan-B,-3.062648058
329,57986425273,Vegan-C,-3.124023438
329,1.31E+11,Vegan-C,-3.16580224
332,3.59E+11,Vegan-R,-3.129011154
332,8.89E+11,Vegan-L,-3.09942627
332,4.46E+11,Vegan-B,-3.144911289
332,2.45E+11,Vegan-R,-3.061993122
332,57986425273,Vegan-F,-3.123321772
332,1.31E+11,Vegan-M,-3.165235281
335,3.59E+11,Vegan-L,-3.130248785
335,8.89E+11,Vegan-C,-3.100726843
335,4.46E+11,Vegan-S,-3.146134615
335,2.45E+11,Vegan-K,-3.063245058
335,57986425273,Vegan-E,-3.124577999
335,1.31E+11,Vegan-G,-3.166417837
336,3.59E+11,Vegan-M,-3.129123926
336,8.89E+11,Vegan-J,-3.099518061
336,4.46E+11,Vegan-N,-3.145035028
336,2.45E+11,Vegan-D,-3.062066793
336,57986425273,Vegan-I,-3.123422623
336,1.31E+11,Vegan-B,-3.165298462
339,5.75E+11,Vegan-I,-1.884626985
339,2.69E+11,Vegan-M,-1.901459217
344,3.59E+11,Vegan-E,-3.130791903
344,8.89E+11,Vegan-N,-3.101213217
344,4.46E+11,Vegan-C,-3.146675825
344,2.45E+11,Vegan-C,-3.06380558
344,57986425273,Vegan-S,-3.125124216
344,1.31E+11,Vegan-G,-3.166949511
350,6.49E+11,Vegan-G,0.017593099
353,3.59E+11,Vegan-P,-3.129362106
353,8.89E+11,Vegan-K,-3.099747658
353,4.46E+11,Vegan-D,-3.145232916
353,2.45E+11,Vegan-D,-3.062319517
353,57986425273,Vegan-H,-3.123658895
353,1.31E+11,Vegan-O,-3.165500879
356,3.59E+11,Vegan-S,-3.130257845
356,8.89E+11,Vegan-A,-3.100640059
356,4.46E+11,Vegan-G,-3.146061897
356,2.45E+11,Vegan-E,-3.063183069
356,57986425273,Vegan-H,-3.124480963
356,1.31E+11,Vegan-B,-3.166311026
357,5.75E+11,Vegan-M,-1.889557481
357,2.69E+11,Vegan-C,-1.906612277
368,3.59E+11,Vegan-G,-3.132734299
368,8.89E+11,Vegan-L,-3.103234768
368,4.46E+11,Vegan-Q,-3.148610353
368,2.45E+11,Vegan-C,-3.065838337
368,57986425273,Vegan-M,-3.127048016
368,1.31E+11,Vegan-N,-3.168768883
370,3.59E+11,Vegan-B,-3.129965067
370,8.89E+11,Vegan-H,-3.100404263
370,4.46E+11,Vegan-I,-3.145803452
370,2.45E+11,Vegan-N,-3.062928677
370,57986425273,Vegan-K,-3.124245644
370,1.31E+11,Vegan-K,-3.166050673
371,3.59E+11,Vegan-Q,-3.128148079
371,8.89E+11,Vegan-A,-3.098504305
371,4.46E+11,Vegan-F,-3.144011259
371,2.45E+11,Vegan-G,-3.061063051
371,57986425273,Vegan-S,-3.12241292
371,1.31E+11,Vegan-J,-3.164346695
372,3.59E+11,Vegan-C,-3.12688899
372,8.89E+11,Vegan-O,-3.097229481
372,4.46E+11,Vegan-Q,-3.142820597
372,2.45E+11,Vegan-F,-3.05981636
372,57986425273,Vegan-M,-3.121217012
372,1.31E+11,Vegan-E,-3.163167
373,3.59E+11,Vegan-Q,-3.129320383
373,8.89E+11,Vegan-O,-3.099714041
373,4.46E+11,Vegan-H,-3.145217896
373,2.45E+11,Vegan-R,-3.062325954
373,57986425273,Vegan-F,-3.12365365
373,1.31E+11,Vegan-M,-3.165530682
375,5.75E+11,Vegan-M,-1.888445735
375,2.69E+11,Vegan-E,-1.905354619
377,5.75E+11,Vegan-C,-1.882849097
377,2.69E+11,Vegan-D,-1.899673939
378,5.75E+11,Vegan-R,-1.879229069
378,2.69E+11,Vegan-A,-1.896106362
382,3.59E+11,Vegan-O,-3.128045321
382,8.89E+11,Vegan-N,-3.098437786
382,4.46E+11,Vegan-K,-3.143944263
382,2.45E+11,Vegan-F,-3.061001778
382,57986425273,Vegan-B,-3.122363567
382,1.31E+11,Vegan-K,-3.164276838
384,3.59E+11,Vegan-K,-3.130415916
384,8.89E+11,Vegan-C,-3.100884438
384,4.46E+11,Vegan-G,-3.146328211
384,2.45E+11,Vegan-F,-3.063479185
384,57986425273,Vegan-J,-3.124741793
384,1.31E+11,Vegan-S,-3.166560888
385,3.59E+11,Vegan-B,-3.129478455
385,8.89E+11,Vegan-A,-3.099949837
385,4.46E+11,Vegan-O,-3.145365477
385,2.45E+11,Vegan-S,-3.062480688
385,57986425273,Vegan-A,-3.123786688
385,1.31E+11,Vegan-S,-3.165645123
388,3.59E+11,Vegan-P,-3.129842997
388,8.89E+11,Vegan-L,-3.100256205
388,4.46E+11,Vegan-G,-3.145728588
388,2.45E+11,Vegan-G,-3.062852144
388,57986425273,Vegan-C,-3.124140739
388,1.31E+11,Vegan-Q,-3.165941715
389,3.59E+11,Vegan-I,-3.131739378
389,8.89E+11,Vegan-F,-3.102173567
389,4.46E+11,Vegan-O,-3.147624016
389,2.45E+11,Vegan-P,-3.064815283
389,57986425273,Vegan-N,-3.126073122
389,1.31E+11,Vegan-K,-3.167803288
393,3.59E+11,Vegan-P,-3.130034685
393,8.89E+11,Vegan-G,-3.100373268
393,4.46E+11,Vegan-E,-3.145859718
393,2.45E+11,Vegan-J,-3.062976837
393,57986425273,Vegan-H,-3.124331474
393,1.31E+11,Vegan-K,-3.166160107
395,5.75E+11,Vegan-F,-1.904973984
395,2.69E+11,Vegan-C,-1.92214632
399,3.59E+11,Vegan-N,-3.128371239
399,8.89E+11,Vegan-P,-3.098776579
399,4.46E+11,Vegan-S,-3.1442945
399,2.45E+11,Vegan-Q,-3.061339617
399,57986425273,Vegan-Q,-3.122713566
399,1.31E+11,Vegan-R,-3.164582491
400,3.59E+11,Vegan-O,-3.131121874
400,8.89E+11,Vegan-A,-3.101493359
400,4.46E+11,Vegan-O,-3.146963358
400,2.45E+11,Vegan-S,-3.064086437
400,57986425273,Vegan-E,-3.125399828
400,1.31E+11,Vegan-S,-3.167196035
401,3.59E+11,Vegan-R,-3.132220507
401,8.89E+11,Vegan-O,-3.102680445
401,4.46E+11,Vegan-G,-3.148119926
401,2.45E+11,Vegan-N,-3.065284491
401,57986425273,Vegan-R,-3.126565218
401,1.31E+11,Vegan-C,-3.168227196
407,3.59E+11,Vegan-C,-3.129639149
407,8.89E+11,Vegan-M,-3.100008011
407,4.46E+11,Vegan-J,-3.145531893
407,2.45E+11,Vegan-J,-3.06262517
407,57986425273,Vegan-O,-3.123975039
407,1.31E+11,Vegan-R,-3.165742159
408,5.75E+11,Vegan-P,-1.865656734
408,2.69E+11,Vegan-G,-1.882290721
409,5.75E+11,Vegan-E,-1.872941494
409,2.69E+11,Vegan-L,-1.889679313
410,3.59E+11,Vegan-Q,-3.13021493
410,8.89E+11,Vegan-F,-3.100632668
410,4.46E+11,Vegan-L,-3.146167517
410,2.45E+11,Vegan-D,-3.063267708
410,57986425273,Vegan-D,-3.124551058
410,1.31E+11,Vegan-F,-3.166391611
412,3.59E+11,Vegan-I,-3.130314112
412,8.89E+11,Vegan-M,-3.100741386
412,4.46E+11,Vegan-Q,-3.146224022
412,2.45E+11,Vegan-B,-3.063288927
412,57986425273,Vegan-D,-3.124631166
412,1.31E+11,Vegan-F,-3.166437626
414,3.59E+11,Vegan-C,-3.129154921
414,8.89E+11,Vegan-M,-3.099586725
414,4.46E+11,Vegan-B,-3.145051241
414,2.45E+11,Vegan-D,-3.062077045
414,57986425273,Vegan-C,-3.123479605
414,1.31E+11,Vegan-F,-3.1653018
416,3.59E+11,Vegan-Q,-3.129657984
416,8.89E+11,Vegan-K,-3.100039959
416,4.46E+11,Vegan-I,-3.145560503
416,2.45E+11,Vegan-O,-3.062666416
416,57986425273,Vegan-B,-3.123952389
416,1.31E+11,Vegan-N,-3.165781498
420,3.59E+11,Vegan-J,-3.12988925
420,8.89E+11,Vegan-D,-3.100345373
420,4.46E+11,Vegan-K,-3.145771742
420,2.45E+11,Vegan-N,-3.062888622
420,57986425273,Vegan-R,-3.124189854
420,1.31E+11,Vegan-G,-3.166051149
421,3.59E+11,Vegan-L,-3.130395651
421,8.89E+11,Vegan-C,-3.100760698
421,4.46E+11,Vegan-G,-3.146216869
421,2.45E+11,Vegan-I,-3.063329697
421,57986425273,Vegan-C,-3.124601603
421,1.31E+11,Vegan-Q,-3.166436672
423,3.59E+11,Vegan-B,-3.130796432
423,8.89E+11,Vegan-I,-3.101200581
423,4.46E+11,Vegan-G,-3.146674633
423,2.45E+11,Vegan-Q,-3.063742161
423,57986425273,Vegan-P,-3.125074625
423,1.31E+11,Vegan-A,-3.166870117
424,5.75E+11,Vegan-D,-1.868509531
424,2.69E+11,Vegan-H,-1.885227323
425,3.59E+11,Vegan-A,-3.128349781
425,8.89E+11,Vegan-S,-3.098776579
425,4.46E+11,Vegan-F,-3.144296885
425,2.45E+11,Vegan-C,-3.061291933
425,57986425273,Vegan-D,-3.122717142
425,1.31E+11,Vegan-G,-3.16451931
426,3.59E+11,Vegan-M,-3.129897118
426,8.89E+11,Vegan-Q,-3.100263834
426,4.46E+11,Vegan-F,-3.145780802
426,2.45E+11,Vegan-R,-3.062846899
426,57986425273,Vegan-C,-3.124174833
426,1.31E+11,Vegan-S,-3.166028261
430,6.49E+11,Vegan-A,0.01740469
433,5.75E+11,Vegan-M,-1.907511234
433,2.69E+11,Vegan-R,-1.924723148
437,3.59E+11,Vegan-P,-3.13246417
437,8.89E+11,Vegan-G,-3.102886915
437,4.46E+11,Vegan-C,-3.14831686
437,2.45E+11,Vegan-G,-3.065462351
437,57986425273,Vegan-I,-3.126739979
437,1.31E+11,Vegan-K,-3.168448925
438,5.75E+11,Vegan-P,-1.875963449
438,2.69E+11,Vegan-P,-1.892786384
440,3.59E+11,Vegan-O,-3.128764153
440,8.89E+11,Vegan-M,-3.099159479
440,4.46E+11,Vegan-B,-3.14461565
440,2.45E+11,Vegan-D,-3.061637402
440,57986425273,Vegan-N,-3.123064041
440,1.31E+11,Vegan-K,-3.164917946
444,3.59E+11,Vegan-O,-3.130459547
444,8.89E+11,Vegan-P,-3.100881815
444,4.46E+11,Vegan-F,-3.146340609
444,2.45E+11,Vegan-D,-3.063465595
444,57986425273,Vegan-S,-3.124753237
444,1.31E+11,Vegan-I,-3.166598082
452,3.59E+11,Vegan-O,-3.131259918
452,8.89E+11,Vegan-C,-3.101737738
452,4.46E+11,Vegan-E,-3.14714241
452,2.45E+11,Vegan-B,-3.064310551
452,57986425273,Vegan-O,-3.125632763
452,1.31E+11,Vegan-N,-3.167338848
456,5.75E+11,Vegan-M,-1.889132738
456,2.69E+11,Vegan-L,-1.906027317
458,3.59E+11,Vegan-M,-3.128656149
458,8.89E+11,Vegan-R,-3.098974466
458,4.46E+11,Vegan-F,-3.14452672
458,2.45E+11,Vegan-G,-3.061545372
458,57986425273,Vegan-Q,-3.122918129
458,1.31E+11,Vegan-K,-3.164817572
459,3.59E+11,Vegan-K,-3.130599976
459,8.89E+11,Vegan-R,-3.101106405
459,4.46E+11,Vegan-M,-3.146554947
459,2.45E+11,Vegan-R,-3.063639641
459,57986425273,Vegan-G,-3.124979019
459,1.31E+11,Vegan-C,-3.166811705
460,3.59E+11,Vegan-S,-3.129138947
460,8.89E+11,Vegan-H,-3.099611998
460,4.46E+11,Vegan-N,-3.145053148
460,2.45E+11,Vegan-E,-3.062144518
460,57986425273,Vegan-J,-3.123452663
460,1.31E+11,Vegan-G,-3.165368557
461,3.59E+11,Vegan-K,-3.129795551
461,8.89E+11,Vegan-S,-3.100227833
461,4.46E+11,Vegan-R,-3.145668745
461,2.45E+11,Vegan-O,-3.062782526
461,57986425273,Vegan-A,-3.124115467
461,1.31E+11,Vegan-B,-3.165947676
462,5.75E+11,Vegan-D,-1.888590813
462,2.69E+11,Vegan-J,-1.905495763
463,3.59E+11,Vegan-N,-3.130356789
463,8.89E+11,Vegan-A,-3.100754499
463,4.46E+11,Vegan-S,-3.146197557
463,2.45E+11,Vegan-N,-3.063372135
463,57986425273,Vegan-N,-3.124598026
463,1.31E+11,Vegan-B,-3.166465521
465,3.59E+11,Vegan-C,-3.129116058
465,8.89E+11,Vegan-R,-3.09947443
465,4.46E+11,Vegan-I,-3.144976854
465,2.45E+11,Vegan-H,-3.06207943
465,57986425273,Vegan-N,-3.123427629
465,1.31E+11,Vegan-R,-3.16529274
467,3.59E+11,Vegan-L,-3.130273581
467,8.89E+11,Vegan-P,-3.100690603
467,4.46E+11,Vegan-K,-3.146196365
467,2.45E+11,Vegan-S,-3.063319206
467,57986425273,Vegan-K,-3.124587536
467,1.31E+11,Vegan-Q,-3.166425943
470,3.59E+11,Vegan-K,-3.130699635
470,8.89E+11,Vegan-M,-3.101075172
470,4.46E+11,Vegan-J,-3.146547318
470,2.45E+11,Vegan-D,-3.0636971
470,57986425273,Vegan-E,-3.124999285
470,1.31E+11,Vegan-E,-3.166757345
482,3.59E+11,Vegan-P,-3.130469322
482,8.89E+11,Vegan-B,-3.100902796
482,4.46E+11,Vegan-L,-3.14632678
482,2.45E+11,Vegan-P,-3.063437223
482,57986425273,Vegan-K,-3.124764681
482,1.31E+11,Vegan-I,-3.166609764
484,3.59E+11,Vegan-D,-3.132212639
484,8.89E+11,Vegan-M,-3.102699518
484,4.46E+11,Vegan-G,-3.148052454
484,2.45E+11,Vegan-Q,-3.065279722
484,57986425273,Vegan-Q,-3.126496077
484,1.31E+11,Vegan-K,-3.16825366
486,3.59E+11,Vegan-I,-3.132363558
486,8.89E+11,Vegan-N,-3.102717638
486,4.46E+11,Vegan-R,-3.148167849
486,2.45E+11,Vegan-F,-3.065395594
486,57986425273,Vegan-J,-3.12661767
486,1.31E+11,Vegan-L,-3.168368816
487,3.59E+11,Vegan-L,-3.13026762
487,8.89E+11,Vegan-Q,-3.100661755
487,4.46E+11,Vegan-F,-3.146182537
487,2.45E+11,Vegan-E,-3.06329751
487,57986425273,Vegan-C,-3.124611855
487,1.31E+11,Vegan-S,-3.166414738
490,3.59E+11,Vegan-R,-3.128767014
490,8.89E+11,Vegan-D,-3.099175692
490,4.46E+11,Vegan-S,-3.144684792
490,2.45E+11,Vegan-G,-3.06177187
490,57986425273,Vegan-H,-3.123097658
490,1.31E+11,Vegan-I,-3.165005922
491,3.59E+11,Vegan-S,-3.129334211
491,8.89E+11,Vegan-P,-3.099780083
491,4.46E+11,Vegan-I,-3.145190239
491,2.45E+11,Vegan-K,-3.062317848
491,57986425273,Vegan-H,-3.123631954
491,1.31E+11,Vegan-J,-3.165534019
492,5.75E+11,Vegan-H,-1.871374607
492,2.69E+11,Vegan-R,-1.888183832
502,3.59E+11,Vegan-D,-3.131397724
502,8.89E+11,Vegan-F,-3.101821661
502,4.46E+11,Vegan-B,-3.147281647
502,2.45E+11,Vegan-O,-3.064374447
502,57986425273,Vegan-M,-3.125687122
502,1.31E+11,Vegan-M,-3.167501926
503,5.75E+11,Vegan-K,-1.878012061
503,2.69E+11,Vegan-F,-1.894883037
504,5.75E+11,Vegan-P,-1.871256471
504,2.69E+11,Vegan-B,-1.888025284
507,3.59E+11,Vegan-S,-3.128602982
507,8.89E+11,Vegan-Q,-3.098999262
507,4.46E+11,Vegan-K,-3.144483089
507,2.45E+11,Vegan-G,-3.061511755
507,57986425273,Vegan-R,-3.122891665
507,1.31E+11,Vegan-N,-3.164782524
508,5.75E+11,Vegan-Q,-1.884876728
508,2.69E+11,Vegan-B,-1.901613712
509,3.59E+11,Vegan-F,-3.130569458
509,8.89E+11,Vegan-I,-3.100979805
509,4.46E+11,Vegan-I,-3.146459818
509,2.45E+11,Vegan-R,-3.063569546
509,57986425273,Vegan-O,-3.124842405
509,1.31E+11,Vegan-Q,-3.166717529
513,3.59E+11,Vegan-B,-3.132161617
513,8.89E+11,Vegan-B,-3.102576733
513,4.46E+11,Vegan-J,-3.148039341
513,2.45E+11,Vegan-E,-3.065176249
513,57986425273,Vegan-H,-3.126465797
513,1.31E+11,Vegan-A,-3.168246031
517,3.59E+11,Vegan-H,-3.131057262
517,8.89E+11,Vegan-J,-3.101451159
517,4.46E+11,Vegan-H,-3.146899939
517,2.45E+11,Vegan-M,-3.063998938
517,57986425273,Vegan-D,-3.125316858
517,1.31E+11,Vegan-P,-3.16712904
518,3.59E+11,Vegan-R,-3.132301807
518,8.89E+11,Vegan-C,-3.102717161
518,4.46E+11,Vegan-N,-3.148184538
518,2.45E+11,Vegan-S,-3.065404415
518,57986425273,Vegan-M,-3.126600027
518,1.31E+11,Vegan-A,-3.168361902
520,3.59E+11,Vegan-G,-3.130592346
520,8.89E+11,Vegan-N,-3.101027727
520,4.46E+11,Vegan-R,-3.146469831
520,2.45E+11,Vegan-C,-3.063593626
520,57986425273,Vegan-L,-3.124956608
520,1.31E+11,Vegan-N,-3.166683674
524,3.59E+11,Vegan-N,-3.130223513
524,8.89E+11,Vegan-P,-3.100583553
524,4.46E+11,Vegan-J,-3.146053076
524,2.45E+11,Vegan-K,-3.063184261
524,57986425273,Vegan-E,-3.124526501
524,1.31E+11,Vegan-C,-3.166306257
526,3.59E+11,Vegan-Q,-3.131608963
526,8.89E+11,Vegan-N,-3.102050781
526,4.46E+11,Vegan-R,-3.147493839
526,2.45E+11,Vegan-O,-3.064684629
526,57986425273,Vegan-H,-3.125909805
526,1.31E+11,Vegan-L,-3.167670012
527,3.59E+11,Vegan-I,-3.131953001
527,8.89E+11,Vegan-H,-3.102371931
527,4.46E+11,Vegan-M,-3.147814512
527,2.45E+11,Vegan-B,-3.064948082
527,57986425273,Vegan-L,-3.126261234
527,1.31E+11,Vegan-P,-3.167971611
529,3.59E+11,Vegan-O,-3.130707264
529,8.89E+11,Vegan-C,-3.101146936
529,4.46E+11,Vegan-D,-3.146540403
529,2.45E+11,Vegan-O,-3.063667536
529,57986425273,Vegan-A,-3.124963284
529,1.31E+11,Vegan-A,-3.166834831
531,3.59E+11,Vegan-C,-3.128775835
531,8.89E+11,Vegan-K,-3.09918499
531,4.46E+11,Vegan-I,-3.144714594
531,2.45E+11,Vegan-M,-3.061734438
531,57986425273,Vegan-Q,-3.123064995
531,1.31E+11,Vegan-C,-3.164961815
535,3.59E+11,Vegan-E,-3.131193638
535,8.89E+11,Vegan-O,-3.101670742
535,4.46E+11,Vegan-B,-3.147129774
535,2.45E+11,Vegan-I,-3.064251661
535,57986425273,Vegan-C,-3.125542164
535,1.31E+11,Vegan-F,-3.167308569
537,5.75E+11,Vegan-S,-1.901248813
537,2.69E+11,Vegan-B,-1.918302774
538,5.75E+11,Vegan-N,-1.875119686
538,2.69E+11,Vegan-Q,-1.891913891
539,3.59E+11,Vegan-H,-3.129335403
539,8.89E+11,Vegan-D,-3.099764109
539,4.46E+11,Vegan-O,-3.145288706
539,2.45E+11,Vegan-H,-3.062318802
539,57986425273,Vegan-I,-3.123634338
539,1.31E+11,Vegan-P,-3.16557622
540,3.59E+11,Vegan-G,-3.128301859
540,8.89E+11,Vegan-M,-3.098644733
540,4.46E+11,Vegan-M,-3.144164801
540,2.45E+11,Vegan-L,-3.061226606
540,57986425273,Vegan-Q,-3.122615814
540,1.31E+11,Vegan-C,-3.164529085
541,3.59E+11,Vegan-R,-3.132041693
541,8.89E+11,Vegan-L,-3.102463484
541,4.46E+11,Vegan-E,-3.147831678
541,2.45E+11,Vegan-F,-3.065036774
541,57986425273,Vegan-P,-3.126303673
541,1.31E+11,Vegan-R,-3.168038845
543,3.59E+11,Vegan-I,-3.129091024
543,8.89E+11,Vegan-E,-3.099466324
543,4.46E+11,Vegan-C,-3.144950151
543,2.45E+11,Vegan-E,-3.06200695
543,57986425273,Vegan-H,-3.123345613
543,1.31E+11,Vegan-R,-3.165199757
545,5.75E+11,Vegan-S,-1.890383363
545,2.69E+11,Vegan-P,-1.907371044
551,5.75E+11,Vegan-Q,-1.874209404
551,2.69E+11,Vegan-H,-1.890925407
555,3.59E+11,Vegan-F,-3.129805088
555,8.89E+11,Vegan-B,-3.100131989
555,4.46E+11,Vegan-G,-3.145659208
555,2.45E+11,Vegan-R,-3.062747478
555,57986425273,Vegan-M,-3.124033213
555,1.31E+11,Vegan-S,-3.165881872
556,3.59E+11,Vegan-S,-3.129226923
556,8.89E+11,Vegan-O,-3.099642992
556,4.46E+11,Vegan-R,-3.14514184
556,2.45E+11,Vegan-Q,-3.062182665
556,57986425273,Vegan-O,-3.123563528
556,1.31E+11,Vegan-H,-3.165429115
557,3.59E+11,Vegan-G,-3.131901264
557,8.89E+11,Vegan-O,-3.102279186
557,4.46E+11,Vegan-L,-3.147742748
557,2.45E+11,Vegan-M,-3.06492734
557,57986425273,Vegan-J,-3.126168013
557,1.31E+11,Vegan-P,-3.167947054
558,3.59E+11,Vegan-D,-3.129930973
558,8.89E+11,Vegan-G,-3.100362778
558,4.46E+11,Vegan-H,-3.145834446
558,2.45E+11,Vegan-E,-3.062921286
558,57986425273,Vegan-H,-3.124300241
558,1.31E+11,Vegan-A,-3.166112661
561,5.75E+11,Vegan-E,-1.873979688
561,2.69E+11,Vegan-P,-1.890654683
563,3.59E+11,Vegan-R,-3.129577637
563,8.89E+11,Vegan-S,-3.1000247
563,4.46E+11,Vegan-F,-3.145497799
563,2.45E+11,Vegan-G,-3.062532902
563,57986425273,Vegan-O,-3.123848438
563,1.31E+11,Vegan-L,-3.165699482
564,3.59E+11,Vegan-D,-3.132090807
564,8.89E+11,Vegan-F,-3.102532625
564,4.46E+11,Vegan-N,-3.1479671
564,2.45E+11,Vegan-B,-3.065141678
564,57986425273,Vegan-A,-3.126415491
564,1.31E+11,Vegan-G,-3.168174028
565,3.59E+11,Vegan-C,-3.129231215
565,8.89E+11,Vegan-J,-3.099649429
565,4.46E+11,Vegan-N,-3.145091772
565,2.45E+11,Vegan-H,-3.06221652
565,57986425273,Vegan-C,-3.123544216
565,1.31E+11,Vegan-P,-3.165380239
567,5.75E+11,Vegan-J,-1.886355877
567,2.69E+11,Vegan-L,-1.90324533
572,3.59E+11,Vegan-F,-3.128460646
572,8.89E+11,Vegan-S,-3.098855972
572,4.46E+11,Vegan-L,-3.144381285
572,2.45E+11,Vegan-N,-3.061370373
572,57986425273,Vegan-C,-3.122773647
572,1.31E+11,Vegan-Q,-3.164621115
573,3.59E+11,Vegan-R,-3.130258799
573,8.89E+11,Vegan-K,-3.10071826
573,4.46E+11,Vegan-H,-3.146156073
573,2.45E+11,Vegan-L,-3.063274622
573,57986425273,Vegan-M,-3.124613523
573,1.31E+11,Vegan-J,-3.166384935
577,3.59E+11,Vegan-C,-3.130849361
577,8.89E+11,Vegan-O,-3.101245403
577,4.46E+11,Vegan-E,-3.146664858
577,2.45E+11,Vegan-R,-3.063816547
577,57986425273,Vegan-E,-3.125057697
577,1.31E+11,Vegan-L,-3.166913033
579,3.59E+11,Vegan-L,-3.13207531
579,8.89E+11,Vegan-N,-3.102489471
579,4.46E+11,Vegan-K,-3.14793992
579,2.45E+11,Vegan-C,-3.065071583
579,57986425273,Vegan-P,-3.126375914
579,1.31E+11,Vegan-J,-3.168148518
580,3.59E+11,Vegan-L,-3.129649878
580,8.89E+11,Vegan-A,-3.100083113
580,4.46E+11,Vegan-M,-3.145557404
580,2.45E+11,Vegan-R,-3.062674999
580,57986425273,Vegan-S,-3.124048948
580,1.31E+11,Vegan-B,-3.165866137
582,3.59E+11,Vegan-O,-3.130793571
582,8.89E+11,Vegan-C,-3.101216316
582,4.46E+11,Vegan-A,-3.146660328
582,2.45E+11,Vegan-S,-3.063803673
582,57986425273,Vegan-B,-3.12511611
582,1.31E+11,Vegan-F,-3.166892529
584,3.59E+11,Vegan-I,-3.129678726
584,8.89E+11,Vegan-N,-3.100088596
584,4.46E+11,Vegan-E,-3.145541906
584,2.45E+11,Vegan-C,-3.062645197
584,57986425273,Vegan-S,-3.123979807
584,1.31E+11,Vegan-H,-3.165742636
588,5.75E+11,Vegan-R,-1.893060565
588,2.69E+11,Vegan-K,-1.910005212
589,3.59E+11,Vegan-F,-3.129290819
589,8.89E+11,Vegan-S,-3.099755287
589,4.46E+11,Vegan-D,-3.145183325
589,2.45E+11,Vegan-N,-3.062262774
589,57986425273,Vegan-R,-3.123637676
589,1.31E+11,Vegan-L,-3.165491819
590,3.59E+11,Vegan-H,-3.129541636
590,8.89E+11,Vegan-K,-3.099902391
590,4.46E+11,Vegan-Q,-3.145423174
590,2.45E+11,Vegan-N,-3.062478542
590,57986425273,Vegan-B,-3.123831511
590,1.31E+11,Vegan-G,-3.165665627
591,3.59E+11,Vegan-N,-3.130535364
591,8.89E+11,Vegan-F,-3.100906372
591,4.46E+11,Vegan-H,-3.14638114
591,2.45E+11,Vegan-E,-3.063528538
591,57986425273,Vegan-N,-3.124802828
591,1.31E+11,Vegan-B,-3.166639328
592,3.59E+11,Vegan-O,-3.128128052
592,8.89E+11,Vegan-C,-3.098510742
592,4.46E+11,Vegan-N,-3.144050598
592,2.45E+11,Vegan-A,-3.061108351
592,57986425273,Vegan-M,-3.122491598
592,1.31E+11,Vegan-G,-3.164327383
595,3.59E+11,Vegan-E,-3.127429724
595,8.89E+11,Vegan-D,-3.097777128
595,4.46E+11,Vegan-E,-3.143373013
595,2.45E+11,Vegan-F,-3.060362577
595,57986425273,Vegan-R,-3.121736765
595,1.31E+11,Vegan-D,-3.163671017
601,3.59E+11,Vegan-A,-3.130054235
601,8.89E+11,Vegan-R,-3.100472927
601,4.46E+11,Vegan-O,-3.145956993
601,2.45E+11,Vegan-E,-3.063055277
601,57986425273,Vegan-A,-3.124389648
601,1.31E+11,Vegan-M,-3.166163921
604,5.75E+11,Vegan-F,-1.883724928
604,2.69E+11,Vegan-C,-1.900539279
605,3.59E+11,Vegan-Q,-3.131686687
605,8.89E+11,Vegan-K,-3.102017641
605,4.46E+11,Vegan-O,-3.147531509
605,2.45E+11,Vegan-J,-3.064667463
605,57986425273,Vegan-R,-3.125945568
605,1.31E+11,Vegan-O,-3.167720556
606,3.59E+11,Vegan-C,-3.128726006
606,8.89E+11,Vegan-F,-3.099120378
606,4.46E+11,Vegan-A,-3.144631147
606,2.45E+11,Vegan-B,-3.061696291
606,57986425273,Vegan-K,-3.123072624
606,1.31E+11,Vegan-E,-3.164901018
607,5.75E+11,Vegan-Q,-1.872724295
607,2.69E+11,Vegan-M,-1.88943243
609,3.59E+11,Vegan-N,-3.129012108
609,8.89E+11,Vegan-C,-3.099371433
609,4.46E+11,Vegan-D,-3.144885063
609,2.45E+11,Vegan-A,-3.061968088
609,57986425273,Vegan-D,-3.123310089
609,1.31E+11,Vegan-S,-3.165169477
611,3.59E+11,Vegan-I,-3.130254507
611,8.89E+11,Vegan-O,-3.100685596
611,4.46E+11,Vegan-P,-3.146194696
611,2.45E+11,Vegan-K,-3.063249111
611,57986425273,Vegan-J,-3.124586105
611,1.31E+11,Vegan-B,-3.166399002
613,3.59E+11,Vegan-S,-3.129967213
613,8.89E+11,Vegan-D,-3.100399017
613,4.46E+11,Vegan-E,-3.145844936
613,2.45E+11,Vegan-F,-3.062907934
613,57986425273,Vegan-D,-3.124268532
613,1.31E+11,Vegan-Q,-3.166061878
619,3.59E+11,Vegan-N,-3.129273176
619,8.89E+11,Vegan-H,-3.099691629
619,4.46E+11,Vegan-P,-3.145217657
619,2.45E+11,Vegan-L,-3.062270164
619,57986425273,Vegan-N,-3.123602152
619,1.31E+11,Vegan-A,-3.165463209
620,3.59E+11,Vegan-J,-3.131390095
620,8.89E+11,Vegan-G,-3.101841688
620,4.46E+11,Vegan-B,-3.147248745
620,2.45E+11,Vegan-S,-3.064455271
620,57986425273,Vegan-R,-3.12574935
620,1.31E+11,Vegan-D,-3.167484283
630,3.59E+11,Vegan-B,-3.13232708
630,8.89E+11,Vegan-J,-3.102758408
630,4.46E+11,Vegan-K,-3.148179293
630,2.45E+11,Vegan-C,-3.065370798
630,57986425273,Vegan-N,-3.126588821
630,1.31E+11,Vegan-N,-3.168382883
631,3.59E+11,Vegan-G,-3.128658295
631,8.89E+11,Vegan-K,-3.099040031
631,4.46E+11,Vegan-K,-3.144583941
631,2.45E+11,Vegan-C,-3.061560392
631,57986425273,Vegan-R,-3.122969389
631,1.31E+11,Vegan-J,-3.164856911
633,3.59E+11,Vegan-P,-3.129087687
633,8.89E+11,Vegan-I,-3.099446297
633,4.46E+11,Vegan-N,-3.144896269
633,2.45E+11,Vegan-O,-3.061973095
633,57986425273,Vegan-D,-3.123345137
633,1.31E+11,Vegan-Q,-3.165212631
634,3.59E+11,Vegan-H,-3.129943848
634,8.89E+11,Vegan-N,-3.100315809
634,4.46E+11,Vegan-S,-3.145800352
634,2.45E+11,Vegan-K,-3.06289506
634,57986425273,Vegan-A,-3.124197483
634,1.31E+11,Vegan-N,-3.166064501
635,5.75E+11,Vegan-L,-1.894855499
635,2.69E+11,Vegan-S,-1.911898971
637,3.59E+11,Vegan-C,-3.129282713
637,8.89E+11,Vegan-F,-3.099671602
637,4.46E+11,Vegan-R,-3.145154715
637,2.45E+11,Vegan-M,-3.06225419
637,57986425273,Vegan-O,-3.123603582
637,1.31E+11,Vegan-G,-3.165447712
640,5.75E+11,Vegan-H,-1.893588185
640,2.69E+11,Vegan-F,-1.91068089
641,3.59E+11,Vegan-F,-3.129999638
641,8.89E+11,Vegan-Q,-3.100437641
641,4.46E+11,Vegan-G,-3.145905733
641,2.45E+11,Vegan-K,-3.062995195
641,57986425273,Vegan-C,-3.124350071
641,1.31E+11,Vegan-M,-3.16612649
642,5.75E+11,Vegan-L,-1.882292151
642,2.69E+11,Vegan-N,-1.899124622
644,3.59E+11,Vegan-S,-3.129268646
644,8.89E+11,Vegan-J,-3.099655151
644,4.46E+11,Vegan-G,-3.145210981
644,2.45E+11,Vegan-G,-3.062292814
644,57986425273,Vegan-J,-3.123625755
644,1.31E+11,Vegan-D,-3.165450096
647,3.59E+11,Vegan-I,-3.127630949
647,8.89E+11,Vegan-E,-3.098054647
647,4.46E+11,Vegan-G,-3.143578529
647,2.45E+11,Vegan-O,-3.06055522
647,57986425273,Vegan-M,-3.121937037
647,1.31E+11,Vegan-A,-3.16382575
650,3.59E+11,Vegan-Q,-3.130403757
650,8.89E+11,Vegan-I,-3.100759029
650,4.46E+11,Vegan-O,-3.146296024
650,2.45E+11,Vegan-B,-3.063424826
650,57986425273,Vegan-K,-3.124693632
650,1.31E+11,Vegan-P,-3.166475296
655,3.59E+11,Vegan-S,-3.131043911
655,8.89E+11,Vegan-E,-3.10136795
655,4.46E+11,Vegan-E,-3.146830559
655,2.45E+11,Vegan-K,-3.063997984
655,57986425273,Vegan-A,-3.125274181
655,1.31E+11,Vegan-Q,-3.167061567
656,3.59E+11,Vegan-E,-3.130689383
656,8.89E+11,Vegan-L,-3.101069927
656,4.46E+11,Vegan-S,-3.146494389
656,2.45E+11,Vegan-R,-3.063656807
656,57986425273,Vegan-C,-3.124969482
656,1.31E+11,Vegan-H,-3.166728735
657,3.59E+11,Vegan-H,-3.130825043
657,8.89E+11,Vegan-I,-3.101224899
657,4.46E+11,Vegan-N,-3.146651745
657,2.45E+11,Vegan-R,-3.06379509
657,57986425273,Vegan-M,-3.125104904
657,1.31E+11,Vegan-R,-3.166951895
665,3.59E+11,Vegan-I,-3.130371809
665,8.89E+11,Vegan-S,-3.10079813
665,4.46E+11,Vegan-Q,-3.146223068
665,2.45E+11,Vegan-A,-3.063295126
665,57986425273,Vegan-O,-3.12467742
665,1.31E+11,Vegan-I,-3.166468382
668,3.59E+11,Vegan-F,-3.130629539
668,8.89E+11,Vegan-Q,-3.101020336
668,4.46E+11,Vegan-B,-3.146479845
668,2.45E+11,Vegan-I,-3.063647985
668,57986425273,Vegan-C,-3.12494874
668,1.31E+11,Vegan-E,-3.16668582
670,5.75E+11,Vegan-O,-1.883139968
670,2.69E+11,Vegan-P,-1.900015593
671,3.59E+11,Vegan-K,-3.13167429
671,8.89E+11,Vegan-B,-3.102145433
671,4.46E+11,Vegan-M,-3.147589684
671,2.45E+11,Vegan-P,-3.06474638
671,57986425273,Vegan-J,-3.126035213
671,1.31E+11,Vegan-A,-3.16773653
676,3.59E+11,Vegan-K,-3.129740953
676,8.89E+11,Vegan-L,-3.100142479
676,4.46E+11,Vegan-K,-3.145562887
676,2.45E+11,Vegan-I,-3.062740803
676,57986425273,Vegan-H,-3.124068499
676,1.31E+11,Vegan-B,-3.165915728
678,3.59E+11,Vegan-N,-3.128175259
678,8.89E+11,Vegan-R,-3.098571062
678,4.46E+11,Vegan-G,-3.144084692
678,2.45E+11,Vegan-E,-3.061048746
678,57986425273,Vegan-A,-3.122442961
678,1.31E+11,Vegan-C,-3.164376259
679,6.49E+11,Vegan-P,0.01680203
688,5.75E+11,Vegan-H,-1.876698971
688,2.69E+11,Vegan-N,-1.893467665
691,3.59E+11,Vegan-G,-3.129227638
691,8.89E+11,Vegan-E,-3.099622965
691,4.46E+11,Vegan-C,-3.145144224
691,2.45E+11,Vegan-B,-3.062106133
691,57986425273,Vegan-M,-3.123548031
691,1.31E+11,Vegan-F,-3.165436506
692,3.59E+11,Vegan-H,-3.129996061
692,8.89E+11,Vegan-S,-3.100438595
692,4.46E+11,Vegan-N,-3.145870924
692,2.45E+11,Vegan-D,-3.062991381
692,57986425273,Vegan-C,-3.124298573
692,1.31E+11,Vegan-L,-3.166131496
695,3.59E+11,Vegan-J,-3.129907608
695,8.89E+11,Vegan-D,-3.100333691
695,4.46E+11,Vegan-E,-3.145795822
695,2.45E+11,Vegan-R,-3.062904119
695,57986425273,Vegan-M,-3.124203682
695,1.31E+11,Vegan-J,-3.166049719
697,3.59E+11,Vegan-P,-3.13158083
697,8.89E+11,Vegan-F,-3.102003574
697,4.46E+11,Vegan-M,-3.147417068
697,2.45E+11,Vegan-J,-3.064620972
697,57986425273,Vegan-D,-3.125829935
697,1.31E+11,Vegan-I,-3.167679787
710,3.59E+11,Vegan-F,-3.129325628
710,8.89E+11,Vegan-L,-3.099712372
710,4.46E+11,Vegan-K,-3.145232439
710,2.45E+11,Vegan-G,-3.062333822
710,57986425273,Vegan-L,-3.123637915
710,1.31E+11,Vegan-S,-3.165532112
711,5.75E+11,Vegan-A,-1.880041957
711,2.69E+11,Vegan-S,-1.896871328
712,3.59E+11,Vegan-Q,-3.128992081
712,8.89E+11,Vegan-L,-3.099381924
712,4.46E+11,Vegan-R,-3.144848347
712,2.45E+11,Vegan-D,-3.06193161
712,57986425273,Vegan-N,-3.12325716
712,1.31E+11,Vegan-D,-3.165143013
713,3.59E+11,Vegan-N,-3.130960703
713,8.89E+11,Vegan-K,-3.10133028
713,4.46E+11,Vegan-A,-3.146812439
713,2.45E+11,Vegan-O,-3.063944817
713,57986425273,Vegan-P,-3.12526083
713,1.31E+11,Vegan-I,-3.167021036
715,3.59E+11,Vegan-F,-3.129678249
715,8.89E+11,Vegan-H,-3.100062609
715,4.46E+11,Vegan-C,-3.145578623
715,2.45E+11,Vegan-B,-3.062604904
715,57986425273,Vegan-R,-3.123941183
715,1.31E+11,Vegan-D,-3.165798426
718,5.75E+11,Vegan-P,-1.892996788
718,2.69E+11,Vegan-H,-1.909964323
720,3.59E+11,Vegan-E,-3.128402233
720,8.89E+11,Vegan-M,-3.09886694
720,4.46E+11,Vegan-E,-3.144307375
720,2.45E+11,Vegan-P,-3.061347246
720,57986425273,Vegan-N,-3.122782469
720,1.31E+11,Vegan-R,-3.164636612
723,3.59E+11,Vegan-R,-3.12983799
723,8.89E+11,Vegan-D,-3.100228786
723,4.46E+11,Vegan-C,-3.145680189
723,2.45E+11,Vegan-P,-3.062839985
723,57986425273,Vegan-P,-3.124125481
723,1.31E+11,Vegan-O,-3.165958405
728,3.59E+11,Vegan-H,-3.130855322
728,8.89E+11,Vegan-I,-3.101216793
728,4.46E+11,Vegan-D,-3.146680117
728,2.45E+11,Vegan-S,-3.063806772
728,57986425273,Vegan-E,-3.125046015
728,1.31E+11,Vegan-F,-3.16692853
729,5.75E+11,Vegan-G,-1.889689445
729,2.69E+11,Vegan-J,-1.906513929
730,5.75E+11,Vegan-B,-1.859674215
730,2.69E+11,Vegan-E,-1.876217723
733,3.59E+11,Vegan-D,-3.129106045
733,8.89E+11,Vegan-I,-3.099500656
733,4.46E+11,Vegan-H,-3.145003557
733,2.45E+11,Vegan-N,-3.062043667
733,57986425273,Vegan-L,-3.123440504
733,1.31E+11,Vegan-I,-3.165279388
735,3.59E+11,Vegan-F,-3.128168344
735,8.89E+11,Vegan-M,-3.098553896
735,4.46E+11,Vegan-I,-3.144070625
735,2.45E+11,Vegan-E,-3.061105728
735,57986425273,Vegan-R,-3.122512102
735,1.31E+11,Vegan-H,-3.164336681
736,5.75E+11,Vegan-A,-1.884212494
736,2.69E+11,Vegan-L,-1.901054502
738,6.49E+11,Vegan-N,0.01722968
740,3.59E+11,Vegan-H,-3.130625486
740,8.89E+11,Vegan-L,-3.101109028
740,4.46E+11,Vegan-Q,-3.146524906
740,2.45E+11,Vegan-I,-3.063672304
740,57986425273,Vegan-N,-3.124963999
740,1.31E+11,Vegan-S,-3.166735411
741,3.59E+11,Vegan-S,-3.128129959
741,8.89E+11,Vegan-H,-3.098518133
741,4.46E+11,Vegan-S,-3.144051313
741,2.45E+11,Vegan-I,-3.061065912
741,57986425273,Vegan-P,-3.122456551
741,1.31E+11,Vegan-E,-3.164330244
744,3.59E+11,Vegan-R,-3.13065362
744,8.89E+11,Vegan-A,-3.101057768
744,4.46E+11,Vegan-F,-3.146533728
744,2.45E+11,Vegan-D,-3.063649416
744,57986425273,Vegan-L,-3.124982834
744,1.31E+11,Vegan-L,-3.166754246
747,5.75E+11,Vegan-G,-1.887660503
747,2.69E+11,Vegan-N,-1.904606462
755,5.75E+11,Vegan-I,-1.876211166
755,2.69E+11,Vegan-A,-1.892944813
756,5.75E+11,Vegan-O,-1.870818496
756,2.69E+11,Vegan-D,-1.887546897
763,3.59E+11,Vegan-R,-3.131006002
763,8.89E+11,Vegan-S,-3.10141921
763,4.46E+11,Vegan-M,-3.146818399
763,2.45E+11,Vegan-D,-3.063985109
763,57986425273,Vegan-K,-3.125340939
763,1.31E+11,Vegan-B,-3.16711688
768,3.59E+11,Vegan-S,-3.131074429
768,8.89E+11,Vegan-H,-3.101510763
768,4.46E+11,Vegan-C,-3.146919489
768,2.45E+11,Vegan-G,-3.064109087
768,57986425273,Vegan-J,-3.125366926
768,1.31E+11,Vegan-N,-3.167140961
769,3.59E+11,Vegan-G,-3.131018162
769,8.89E+11,Vegan-P,-3.10141778
769,4.46E+11,Vegan-H,-3.146841049
769,2.45E+11,Vegan-K,-3.063998699
769,57986425273,Vegan-Q,-3.125320196
769,1.31E+11,Vegan-C,-3.167114019
770,3.59E+11,Vegan-Q,-3.128547192
770,8.89E+11,Vegan-S,-3.098960638
770,4.46E+11,Vegan-O,-3.144416809
770,2.45E+11,Vegan-D,-3.061470509
770,57986425273,Vegan-C,-3.122794628
770,1.31E+11,Vegan-E,-3.164753914
776,3.59E+11,Vegan-M,-3.131685257
776,8.89E+11,Vegan-F,-3.102160931
776,4.46E+11,Vegan-H,-3.147521973
776,2.45E+11,Vegan-B,-3.064683914
776,57986425273,Vegan-G,-3.125991821
776,1.31E+11,Vegan-M,-3.167736292
777,3.59E+11,Vegan-A,-3.129131794
777,8.89E+11,Vegan-G,-3.099571705
777,4.46E+11,Vegan-S,-3.144988775
777,2.45E+11,Vegan-H,-3.062075377
777,57986425273,Vegan-O,-3.123451471
777,1.31E+11,Vegan-I,-3.165315628
784,3.59E+11,Vegan-I,-3.13057065
784,8.89E+11,Vegan-J,-3.100971937
784,4.46E+11,Vegan-K,-3.146446228
784,2.45E+11,Vegan-P,-3.063611269
784,57986425273,Vegan-J,-3.124866962
784,1.31E+11,Vegan-Q,-3.16667223
787,3.59E+11,Vegan-I,-3.129185915
787,8.89E+11,Vegan-Q,-3.099559784
787,4.46E+11,Vegan-K,-3.145090342
787,2.45E+11,Vegan-H,-3.062188387
787,57986425273,Vegan-A,-3.123492956
787,1.31E+11,Vegan-F,-3.165341139
788,6.49E+11,Vegan-I,0.017430903
791,3.59E+11,Vegan-J,-3.129783869
791,8.89E+11,Vegan-L,-3.100190639
791,4.46E+11,Vegan-H,-3.145666599
791,2.45E+11,Vegan-S,-3.062753439
791,57986425273,Vegan-E,-3.124123096
791,1.31E+11,Vegan-E,-3.165915966
797,3.59E+11,Vegan-K,-3.129973888
797,8.89E+11,Vegan-L,-3.100381851
797,4.46E+11,Vegan-F,-3.14588809
797,2.45E+11,Vegan-B,-3.062945366
797,57986425273,Vegan-M,-3.124333382
797,1.31E+11,Vegan-Q,-3.166131258
809,3.59E+11,Vegan-H,-3.130964279
809,8.89E+11,Vegan-N,-3.101356745
809,4.46E+11,Vegan-D,-3.146794319
809,2.45E+11,Vegan-F,-3.063975573
809,57986425273,Vegan-E,-3.125230789
809,1.31E+11,Vegan-S,-3.167001247
814,5.75E+11,Vegan-M,-1.870688677
814,2.69E+11,Vegan-D,-1.887453318
817,3.59E+11,Vegan-G,-3.131287098
817,8.89E+11,Vegan-F,-3.101733208
817,4.46E+11,Vegan-E,-3.147175312
817,2.45E+11,Vegan-S,-3.064281225
817,57986425273,Vegan-M,-3.125580311
817,1.31E+11,Vegan-H,-3.167380571
821,3.59E+11,Vegan-M,-3.129845619
821,8.89E+11,Vegan-I,-3.100180149
821,4.46E+11,Vegan-A,-3.1457026
821,2.45E+11,Vegan-E,-3.062746048
821,57986425273,Vegan-D,-3.12410593
821,1.31E+11,Vegan-Q,-3.166015148
823,3.59E+11,Vegan-S,-3.131732464
823,8.89E+11,Vegan-K,-3.102167368
823,4.46E+11,Vegan-F,-3.147571564
823,2.45E+11,Vegan-E,-3.064785957
823,57986425273,Vegan-M,-3.126033306
823,1.31E+11,Vegan-G,-3.16782403
825,3.59E+11,Vegan-S,-3.129436255
825,8.89E+11,Vegan-K,-3.09983182
825,4.46E+11,Vegan-H,-3.145255327
825,2.45E+11,Vegan-N,-3.062341213
825,57986425273,Vegan-N,-3.123730183
825,1.31E+11,Vegan-N,-3.165558577
827,3.59E+11,Vegan-F,-3.13094449
827,8.89E+11,Vegan-P,-3.101367235
827,4.46E+11,Vegan-R,-3.146850109
827,2.45E+11,Vegan-I,-3.063937187
827,57986425273,Vegan-J,-3.125190496
827,1.31E+11,Vegan-Q,-3.167035341
829,3.59E+11,Vegan-C,-3.131407022
829,8.89E+11,Vegan-H,-3.10180521
829,4.46E+11,Vegan-M,-3.147279024
829,2.45E+11,Vegan-J,-3.06446147
829,57986425273,Vegan-S,-3.125704765
829,1.31E+11,Vegan-R,-3.16745615
830,5.75E+11,Vegan-D,-1.881108761
830,2.69E+11,Vegan-F,-1.897853136
832,3.59E+11,Vegan-P,-3.130941153
832,8.89E+11,Vegan-R,-3.101379633
832,4.46E+11,Vegan-E,-3.146803617
832,2.45E+11,Vegan-M,-3.063959837
832,57986425273,Vegan-L,-3.12520957
832,1.31E+11,Vegan-L,-3.167044163
834,5.75E+11,Vegan-N,-1.891876936
834,2.69E+11,Vegan-F,-1.90875268
837,3.59E+11,Vegan-E,-3.128841639
837,8.89E+11,Vegan-E,-3.099229813
837,4.46E+11,Vegan-I,-3.144795656
837,2.45E+11,Vegan-R,-3.061793327
837,57986425273,Vegan-P,-3.123205423
837,1.31E+11,Vegan-J,-3.165012121
838,5.75E+11,Vegan-Q,-1.895335913
838,2.69E+11,Vegan-N,-1.912370801
841,3.59E+11,Vegan-R,-3.132535696
841,8.89E+11,Vegan-C,-3.102977514
841,4.46E+11,Vegan-P,-3.148412943
841,2.45E+11,Vegan-I,-3.065568686
841,57986425273,Vegan-N,-3.126847029
841,1.31E+11,Vegan-P,-3.1685884
842,3.59E+11,Vegan-R,-3.128746986
842,8.89E+11,Vegan-C,-3.099211931
842,4.46E+11,Vegan-K,-3.14466691
842,2.45E+11,Vegan-F,-3.061720133
842,57986425273,Vegan-S,-3.123067379
842,1.31E+11,Vegan-O,-3.164996147
843,3.59E+11,Vegan-K,-3.128611803
843,8.89E+11,Vegan-O,-3.099023342
843,4.46E+11,Vegan-J,-3.144495726
843,2.45E+11,Vegan-E,-3.061509848
843,57986425273,Vegan-D,-3.122915745
843,1.31E+11,Vegan-L,-3.164778471
845,3.59E+11,Vegan-J,-3.130457163
845,8.89E+11,Vegan-D,-3.100869894
845,4.46E+11,Vegan-N,-3.146353006
845,2.45E+11,Vegan-F,-3.063421726
845,57986425273,Vegan-O,-3.124718189
845,1.31E+11,Vegan-F,-3.166528225
849,3.59E+11,Vegan-H,-3.129547834
849,8.89E+11,Vegan-S,-3.099963427
849,4.46E+11,Vegan-D,-3.145454168
849,2.45E+11,Vegan-S,-3.062525511
849,57986425273,Vegan-J,-3.123836279
849,1.31E+11,Vegan-Q,-3.165685177
851,3.59E+11,Vegan-D,-3.130125761
851,8.89E+11,Vegan-O,-3.100539684
851,4.46E+11,Vegan-Q,-3.145981789
851,2.45E+11,Vegan-B,-3.063104153
851,57986425273,Vegan-R,-3.124411345
851,1.31E+11,Vegan-J,-3.166273594
853,3.59E+11,Vegan-B,-3.132370472
853,8.89E+11,Vegan-D,-3.102849483
853,4.46E+11,Vegan-B,-3.148156404
853,2.45E+11,Vegan-F,-3.065418005
853,57986425273,Vegan-D,-3.12667942
853,1.31E+11,Vegan-C,-3.168438196
854,3.59E+11,Vegan-B,-3.131037712
854,8.89E+11,Vegan-P,-3.101417303
854,4.46E+11,Vegan-D,-3.146865129
854,2.45E+11,Vegan-L,-3.064088345
854,57986425273,Vegan-L,-3.125272751
854,1.31E+11,Vegan-S,-3.167114973
855,3.59E+11,Vegan-E,-3.129937172
855,8.89E+11,Vegan-S,-3.100307703
855,4.46E+11,Vegan-Q,-3.145818949
855,2.45E+11,Vegan-Q,-3.062931776
855,57986425273,Vegan-D,-3.124225616
855,1.31E+11,Vegan-I,-3.166056633
858,3.59E+11,Vegan-G,-3.129555702
858,8.89E+11,Vegan-A,-3.099983215
858,4.46E+11,Vegan-F,-3.145414591
858,2.45E+11,Vegan-E,-3.062528372
858,57986425273,Vegan-A,-3.123875141
858,1.31E+11,Vegan-C,-3.165727377
859,5.75E+11,Vegan-E,-1.879020452
859,2.69E+11,Vegan-O,-1.895839214
861,3.59E+11,Vegan-K,-3.130783081
861,8.89E+11,Vegan-I,-3.101158619
861,4.46E+11,Vegan-J,-3.146595716
861,2.45E+11,Vegan-D,-3.06371069
861,57986425273,Vegan-G,-3.125025511
861,1.31E+11,Vegan-A,-3.166837215
862,3.59E+11,Vegan-I,-3.13031292
862,8.89E+11,Vegan-A,-3.10073781
862,4.46E+11,Vegan-S,-3.146224499
862,2.45E+11,Vegan-Q,-3.063337326
862,57986425273,Vegan-S,-3.124624729
862,1.31E+11,Vegan-B,-3.166454077
866,3.59E+11,Vegan-F,-3.130693197
866,8.89E+11,Vegan-S,-3.101180077
866,4.46E+11,Vegan-S,-3.146597862
866,2.45E+11,Vegan-F,-3.063742638
866,57986425273,Vegan-N,-3.12497592
866,1.31E+11,Vegan-R,-3.166864634
867,3.59E+11,Vegan-N,-3.128795624
867,8.89E+11,Vegan-D,-3.099123955
867,4.46E+11,Vegan-K,-3.144665003
867,2.45E+11,Vegan-S,-3.061730623
867,57986425273,Vegan-G,-3.123063564
867,1.31E+11,Vegan-B,-3.165002346
869,5.75E+11,Vegan-H,-1.900883317
869,2.69E+11,Vegan-D,-1.917882562
878,6.49E+11,Vegan-G,0.017617553
880,3.59E+11,Vegan-M,-3.128165483
880,8.89E+11,Vegan-R,-3.098511457
880,4.46E+11,Vegan-A,-3.144022703
880,2.45E+11,Vegan-N,-3.061071873
880,57986425273,Vegan-L,-3.122447968
880,1.31E+11,Vegan-A,-3.164326191
881,3.59E+11,Vegan-F,-3.130697966
881,8.89E+11,Vegan-M,-3.101100922
881,4.46E+11,Vegan-C,-3.146533251
881,2.45E+11,Vegan-R,-3.06358552
881,57986425273,Vegan-M,-3.124980927
881,1.31E+11,Vegan-L,-3.166780949
883,3.59E+11,Vegan-I,-3.131108522
883,8.89E+11,Vegan-S,-3.101519585
883,4.46E+11,Vegan-P,-3.146934509
883,2.45E+11,Vegan-H,-3.064139366
883,57986425273,Vegan-F,-3.125438213
883,1.31E+11,Vegan-J,-3.16724658
885,3.59E+11,Vegan-G,-3.128083944
885,8.89E+11,Vegan-J,-3.098487616
885,4.46E+11,Vegan-S,-3.143966675
885,2.45E+11,Vegan-F,-3.060987949
885,57986425273,Vegan-G,-3.12239337
885,1.31E+11,Vegan-P,-3.164300203
887,3.59E+11,Vegan-F,-3.130634546
887,8.89E+11,Vegan-R,-3.100999117
887,4.46E+11,Vegan-E,-3.14652729
887,2.45E+11,Vegan-C,-3.063656807
887,57986425273,Vegan-H,-3.124891043
887,1.31E+11,Vegan-G,-3.166774988
893,5.75E+11,Vegan-R,-1.906330109
893,2.69E+11,Vegan-A,-1.923342109
894,3.59E+11,Vegan-M,-3.129804134
894,8.89E+11,Vegan-S,-3.100185394
894,4.46E+11,Vegan-L,-3.145704985
894,2.45E+11,Vegan-F,-3.062759399
894,57986425273,Vegan-D,-3.124078274
894,1.31E+11,Vegan-S,-3.165968895
896,3.59E+11,Vegan-Q,-3.130088806
896,8.89E+11,Vegan-H,-3.100478888
896,4.46E+11,Vegan-E,-3.145946741
896,2.45E+11,Vegan-P,-3.063009739
896,57986425273,Vegan-P,-3.124403715
896,1.31E+11,Vegan-B,-3.166208029
899,3.59E+11,Vegan-J,-3.129659653
899,8.89E+11,Vegan-K,-3.100080013
899,4.46E+11,Vegan-D,-3.14546895
899,2.45E+11,Vegan-D,-3.062634468
899,57986425273,Vegan-I,-3.123952627
899,1.31E+11,Vegan-E,-3.165832281
900,3.59E+11,Vegan-K,-3.12886405
900,8.89E+11,Vegan-N,-3.099251747
900,4.46E+11,Vegan-J,-3.144760847
900,2.45E+11,Vegan-M,-3.061756134
900,57986425273,Vegan-C,-3.123175621
900,1.31E+11,Vegan-O,-3.165018797
905,3.59E+11,Vegan-P,-3.129038334
905,8.89E+11,Vegan-M,-3.099438667
905,4.46E+11,Vegan-H,-3.144924164
905,2.45E+11,Vegan-I,-3.061959267
905,57986425273,Vegan-O,-3.123347521
905,1.31E+11,Vegan-C,-3.165194511
906,3.59E+11,Vegan-R,-3.129136324
906,8.89E+11,Vegan-M,-3.099555731
906,4.46E+11,Vegan-E,-3.145017385
906,2.45E+11,Vegan-N,-3.062088966
906,57986425273,Vegan-P,-3.123507977
906,1.31E+11,Vegan-J,-3.165323019
908,3.59E+11,Vegan-M,-3.129111528
908,8.89E+11,Vegan-K,-3.099498987
908,4.46E+11,Vegan-R,-3.145021677
908,2.45E+11,Vegan-J,-3.062039614
908,57986425273,Vegan-J,-3.123427629
908,1.31E+11,Vegan-B,-3.165257215
909,6.49E+11,Vegan-K,0.017238392
910,5.75E+11,Vegan-J,-1.851525307
910,2.69E+11,Vegan-I,-1.868018985
912,3.59E+11,Vegan-S,-3.129789352
912,8.89E+11,Vegan-D,-3.100193739
912,4.46E+11,Vegan-I,-3.145687819
912,2.45E+11,Vegan-P,-3.062731981
912,57986425273,Vegan-R,-3.124136925
912,1.31E+11,Vegan-K,-3.165927887
915,5.75E+11,Vegan-O,-1.864028573
915,2.69E+11,Vegan-G,-1.880624175
918,3.59E+11,Vegan-N,-3.128898621
918,8.89E+11,Vegan-A,-3.099262714
918,4.46E+11,Vegan-K,-3.144739151
918,2.45E+11,Vegan-G,-3.061867476
918,57986425273,Vegan-D,-3.1232481
918,1.31E+11,Vegan-G,-3.165024042
919,3.59E+11,Vegan-R,-3.131530523
919,8.89E+11,Vegan-S,-3.101920605
919,4.46E+11,Vegan-J,-3.147408724
919,2.45E+11,Vegan-C,-3.064571142
919,57986425273,Vegan-P,-3.125881433
919,1.31E+11,Vegan-Q,-3.167606592
920,3.59E+11,Vegan-P,-3.13115263
920,8.89E+11,Vegan-Q,-3.101559401
920,4.46E+11,Vegan-H,-3.147011518
920,2.45E+11,Vegan-N,-3.064205885
920,57986425273,Vegan-G,-3.125471354
920,1.31E+11,Vegan-S,-3.167241812
924,3.59E+11,Vegan-N,-3.131069422
924,8.89E+11,Vegan-I,-3.101437092
924,4.46E+11,Vegan-D,-3.146924734
924,2.45E+11,Vegan-G,-3.064039707
924,57986425273,Vegan-P,-3.125297308
924,1.31E+11,Vegan-R,-3.167154789
931,3.59E+11,Vegan-E,-3.128516674
931,8.89E+11,Vegan-M,-3.098940134
931,4.46E+11,Vegan-M,-3.144437551
931,2.45E+11,Vegan-A,-3.061515331
931,57986425273,Vegan-O,-3.122836828
931,1.31E+11,Vegan-S,-3.164783001
933,3.59E+11,Vegan-H,-3.128563166
933,8.89E+11,Vegan-H,-3.098873854
933,4.46E+11,Vegan-N,-3.144419432
933,2.45E+11,Vegan-I,-3.061451674
933,57986425273,Vegan-P,-3.122900963
933,1.31E+11,Vegan-R,-3.164707899
934,5.75E+11,Vegan-H,-1.884046793
934,2.69E+11,Vegan-R,-1.90092814
943,3.59E+11,Vegan-Q,-3.129348516
943,8.89E+11,Vegan-F,-3.099688768
943,4.46E+11,Vegan-L,-3.145257711
943,2.45E+11,Vegan-D,-3.062272072
943,57986425273,Vegan-B,-3.12357235
943,1.31E+11,Vegan-J,-3.165462494
949,3.59E+11,Vegan-I,-3.128792524
949,8.89E+11,Vegan-L,-3.09910655
949,4.46E+11,Vegan-M,-3.144631863
949,2.45E+11,Vegan-E,-3.06170845
949,57986425273,Vegan-J,-3.123048782
949,1.31E+11,Vegan-K,-3.164973736
950,3.59E+11,Vegan-N,-3.130286932
950,8.89E+11,Vegan-I,-3.10072875
950,4.46E+11,Vegan-F,-3.146110058
950,2.45E+11,Vegan-E,-3.063289404
950,57986425273,Vegan-D,-3.124605417
950,1.31E+11,Vegan-Q,-3.166401386
952,5.75E+11,Vegan-F,-1.905911326
952,2.69E+11,Vegan-S,-1.923079491
961,3.59E+11,Vegan-E,-3.128489494
961,8.89E+11,Vegan-A,-3.098875523
961,4.46E+11,Vegan-A,-3.144369125
961,2.45E+11,Vegan-K,-3.061396599
961,57986425273,Vegan-H,-3.122799635
961,1.31E+11,Vegan-S,-3.164686203
962,5.75E+11,Vegan-G,-1.896810532
962,2.69E+11,Vegan-J,-1.913850784
965,5.75E+11,Vegan-S,-1.884961843
965,2.69E+11,Vegan-N,-1.901838899
966,3.59E+11,Vegan-H,-3.130984783
966,8.89E+11,Vegan-E,-3.101456165
966,4.46E+11,Vegan-J,-3.146873713
966,2.45E+11,Vegan-O,-3.064045668
966,57986425273,Vegan-Q,-3.125327587
966,1.31E+11,Vegan-O,-3.167103052
974,3.59E+11,Vegan-H,-3.130498886
974,8.89E+11,Vegan-J,-3.100943804
974,4.46E+11,Vegan-C,-3.146392822
974,2.45E+11,Vegan-A,-3.063551188
974,57986425273,Vegan-J,-3.124856234
974,1.31E+11,Vegan-A,-3.166631699
976,3.59E+11,Vegan-A,-3.12939024
976,8.89E+11,Vegan-G,-3.099765778
976,4.46E+11,Vegan-A,-3.145306587
976,2.45E+11,Vegan-B,-3.062313557
976,57986425273,Vegan-C,-3.123697758
976,1.31E+11,Vegan-E,-3.165546894
978,5.75E+11,Vegan-B,-1.902110577
978,2.69E+11,Vegan-K,-1.919253469
979,3.59E+11,Vegan-R,-3.129535198
979,8.89E+11,Vegan-C,-3.100018978
979,4.46E+11,Vegan-E,-3.145445347
979,2.45E+11,Vegan-Q,-3.062514305
979,57986425273,Vegan-D,-3.123924971
979,1.31E+11,Vegan-Q,-3.165685892
982,3.59E+11,Vegan-O,-3.130309582
982,8.89E+11,Vegan-R,-3.100719452
982,4.46E+11,Vegan-L,-3.146238804
982,2.45E+11,Vegan-A,-3.06330204
982,57986425273,Vegan-B,-3.124671221
982,1.31E+11,Vegan-B,-3.166471958
983,5.75E+11,Vegan-K,-1.901927114
983,2.69E+11,Vegan-M,-1.919034719
985,3.59E+11,Vegan-F,-3.129827023
985,8.89E+11,Vegan-N,-3.100263119
985,4.46E+11,Vegan-O,-3.145691872
985,2.45E+11,Vegan-B,-3.062745571
985,57986425273,Vegan-M,-3.124125957
985,1.31E+11,Vegan-D,-3.165903568
986,3.59E+11,Vegan-Q,-3.129773378
986,8.89E+11,Vegan-O,-3.100154638
986,4.46E+11,Vegan-S,-3.145651817
986,2.45E+11,Vegan-M,-3.062761784
986,57986425273,Vegan-Q,-3.124091387
986,1.31E+11,Vegan-O,-3.165911913
987,5.75E+11,Vegan-L,-1.893646002
987,2.69E+11,Vegan-I,-1.910788298
991,3.59E+11,Vegan-M,-3.130232811
991,8.89E+11,Vegan-H,-3.100633383
991,4.46E+11,Vegan-S,-3.146161318
991,2.45E+11,Vegan-Q,-3.063225031
991,57986425273,Vegan-M,-3.12453413
991,1.31E+11,Vegan-O,-3.166383028
992,3.59E+11,Vegan-K,-3.132558823
992,8.89E+11,Vegan-N,-3.10296154
992,4.46E+11,Vegan-Q,-3.148356676
992,2.45E+11,Vegan-C,-3.065625906
992,57986425273,Vegan-O,-3.126807928
992,1.31E+11,Vegan-F,-3.168597698
994,3.59E+11,Vegan-B,-3.131475449
994,8.89E+11,Vegan-L,-3.101895094
994,4.46E+11,Vegan-M,-3.14728713
994,2.45E+11,Vegan-E,-3.064497471
994,57986425273,Vegan-R,-3.125723124
994,1.31E+11,Vegan-E,-3.167553663
998,3.59E+11,Vegan-A,-3.129003048
998,8.89E+11,Vegan-C,-3.099425077
998,4.46E+11,Vegan-E,-3.144932032
998,2.45E+11,Vegan-J,-3.061994553
998,57986425273,Vegan-P,-3.123301744
998,1.31E+11,Vegan-N,-3.165226936
1000,3.59E+11,Vegan-H,-3.128718853
1000,8.89E+11,Vegan-N,-3.099131823
1000,4.46E+11,Vegan-H,-3.144574881
1000,2.45E+11,Vegan-E,-3.061648846
1000,57986425273,Vegan-Q,-3.123054028
1000,1.31E+11,Vegan-O,-3.164926529
